2025-12-20 20:27:12,371 [Worker-6: Loading available Gradle versions] INFO  o.e.b.c.i.u.g.PublishedGradleVersions - Gradle version information cache is not available. Remote download required.
2025-12-20 20:28:24,232 [ModalContext] INFO  o.b.c.a.StaticComponentContainer - (StaticComponentContainer.java:368) - Instantiated org.burningwave.core.SLF4JManagedLoggerRepository
2025-12-20 20:28:24,235 [ModalContext] INFO  o.b.c.a.StaticComponentContainer - (StaticComponentContainer.java:369) - 

	Configuration values for static components:

		background-executor.all-tasks-monitoring.enabled=\
			true
		background-executor.all-tasks-monitoring.interval=\
			30000
		background-executor.all-tasks-monitoring.logger.enabled=\
			false
		background-executor.all-tasks-monitoring.minimum-elapsed-time-to-consider-a-task-as-probable-dead-locked=\
			300000
		background-executor.all-tasks-monitoring.probable-dead-locked-tasks-handling.policy=\
			log only
		background-executor.queued-task-executor[0].name=\
			Low priority tasks
		background-executor.queued-task-executor[0].priority=\
			1
		background-executor.queued-task-executor[1].name=\
			Normal priority tasks
		background-executor.queued-task-executor[1].priority=\
			5
		background-executor.queued-task-executor[2].name=\
			High priority tasks
		background-executor.queued-task-executor[2].priority=\
			10
		background-executor.task-creation-tracking.enabled=\
			${background-executor.all-tasks-monitoring.enabled}
		banner.additonal-informations=\
			${Bundle-Vendor} ${Bundle-Name} ${Bundle-Version}
		banner.additonal-informations.retrieve-from-manifest-file-of=\
			Burningwave Core
		banner.file=\
			org/burningwave/banner.bwb
		banner.hide=\
			true
		buffer-handler.default-allocation-mode=\
			ByteBuffer::allocateDirect
		buffer-handler.default-buffer-size=\
			1024
		group-name-for-named-elements=\
			Burningwave
		iterable-object-helper.default-values-separator=\
			;
		iterable-object-helper.parallel-iteration.applicability.default-minimum-collection-size=\
			2
		iterable-object-helper.parallel-iteration.applicability.max-runtime-thread-count-threshold=\
			autodetect
		iterable-object-helper.parallel-iteration.applicability.output-collection-enabled-types=\
			java.util.concurrent.ConcurrentHashMap$CollectionView;\
			java.util.Collections$SynchronizedCollection;\
			java.util.concurrent.CopyOnWriteArrayList;\
			java.util.concurrent.CopyOnWriteArraySet;\
			java.util.concurrent.BlockingQueue;\
			java.util.concurrent.ConcurrentSkipListSet;\
			java.util.concurrent.ConcurrentSkipListMap$EntrySet;\
			java.util.concurrent.ConcurrentSkipListMap$KeySet;\
			java.util.concurrent.ConcurrentSkipListMap$Values;
		jvm.driver.init=\
			false
		managed-logger.repository=\
			autodetect
		managed-logger.repository.enabled=\
			true
		managed-logger.repository.logging.warn.disabled-for=\
			org.burningwave.core.assembler.ComponentContainer$ClassLoader;\
			org.burningwave.core.classes.MemoryClassLoader;\
			org.burningwave.core.classes.PathScannerClassLoader;
		modules.export-all-to-all=\
			true
		resource-releaser.enabled=\
			true
		synchronizer.all-threads-monitoring.enabled=\
			false
		synchronizer.all-threads-monitoring.interval=\
			90000
		thread-supplier.default-daemon-flag-value=\
			true
		thread-supplier.default-thread-priority=\
			5
		thread-supplier.max-detached-thread-count=\
			${thread-supplier.max-poolable-thread-count}
		thread-supplier.max-detached-thread-count.elapsed-time-threshold-from-last-increase-for-gradual-decreasing-to-initial-value=\
			30000
		thread-supplier.max-detached-thread-count.increasing-step=\
			autodetect
		thread-supplier.max-poolable-thread-count=\
			autodetect
		thread-supplier.poolable-thread-request-timeout=\
			6000


2025-12-20 20:28:24,239 [ModalContext] INFO  o.b.core.jvm.BufferHandler - (BufferHandler.java:127) - default buffer size: 1024 bytes
2025-12-20 20:28:24,240 [ModalContext] INFO  o.b.core.jvm.BufferHandler - (BufferHandler.java:141) - default allocation mode: ByteBuffer::allocateDirect
2025-12-20 20:28:24,244 [ModalContext] INFO  org.burningwave.core.Cache - (Cache.java:76) - Building cache
2025-12-20 20:28:24,278 [ModalContext] INFO  o.b.c.a.StaticComponentContainer - (StaticComponentContainer.java:443) - org.burningwave.core.assembler.StaticComponentContainer initialized in 0.1452922 seconds
2025-12-20 21:11:02,955 [Burningwave - Resource releaser] INFO  o.b.c.a.StaticComponentContainer - (StaticComponentContainer.java:391) - ... Waiting for all tasks ending
2025-12-20 21:11:02,959 [Burningwave - Resource releaser] INFO  o.b.c.a.StaticComponentContainer - (StaticComponentContainer.java:397) - Closing all component containers
2025-12-20 21:11:02,961 [Burningwave - Resource releaser] INFO  o.b.c.a.StaticComponentContainer - (StaticComponentContainer.java:403) - Closing FileSystemHelper
2025-12-20 21:11:02,962 [Burningwave - Resource releaser] INFO  o.b.c.a.StaticComponentContainer - (StaticComponentContainer.java:409) - ... Waiting for all tasks ending before shutting down the BackgroundExecutor
2025-12-20 21:11:02,962 [Burningwave - Resource releaser] INFO  o.b.c.a.StaticComponentContainer - (StaticComponentContainer.java:414) - Shutting down BackgroundExecutor
2025-12-20 21:11:02,964 [Burningwave - Resource releaser] INFO  o.b.c.a.StaticComponentContainer - (StaticComponentContainer.java:420) - Stopping all threads monitoring thread
2025-12-20 21:11:02,964 [Burningwave - Resource releaser] INFO  o.b.c.a.StaticComponentContainer - (StaticComponentContainer.java:425) - Closing ThreadHolder
2025-12-20 21:11:02,966 [Burningwave - Resource releaser] INFO  o.b.c.a.StaticComponentContainer - (StaticComponentContainer.java:430) - Shutting down ThreadSupplier
2025-12-26 21:59:29,606 [main] INFO  o.b.c.a.StaticComponentContainer - (StaticComponentContainer.java:368) - Instantiated org.burningwave.core.SLF4JManagedLoggerRepository
2025-12-26 21:59:29,608 [main] INFO  o.b.c.a.StaticComponentContainer - (StaticComponentContainer.java:369) - 

	Configuration values for static components:

		background-executor.all-tasks-monitoring.enabled=\
			true
		background-executor.all-tasks-monitoring.interval=\
			30000
		background-executor.all-tasks-monitoring.logger.enabled=\
			false
		background-executor.all-tasks-monitoring.minimum-elapsed-time-to-consider-a-task-as-probable-dead-locked=\
			300000
		background-executor.all-tasks-monitoring.probable-dead-locked-tasks-handling.policy=\
			log only
		background-executor.queued-task-executor[0].name=\
			Low priority tasks
		background-executor.queued-task-executor[0].priority=\
			1
		background-executor.queued-task-executor[1].name=\
			Normal priority tasks
		background-executor.queued-task-executor[1].priority=\
			5
		background-executor.queued-task-executor[2].name=\
			High priority tasks
		background-executor.queued-task-executor[2].priority=\
			10
		background-executor.task-creation-tracking.enabled=\
			${background-executor.all-tasks-monitoring.enabled}
		banner.additonal-informations=\
			${Bundle-Vendor} ${Bundle-Name} ${Bundle-Version}
		banner.additonal-informations.retrieve-from-manifest-file-of=\
			Burningwave Core
		banner.file=\
			org/burningwave/banner.bwb
		banner.hide=\
			true
		buffer-handler.default-allocation-mode=\
			ByteBuffer::allocateDirect
		buffer-handler.default-buffer-size=\
			1024
		group-name-for-named-elements=\
			Burningwave
		iterable-object-helper.default-values-separator=\
			;
		iterable-object-helper.parallel-iteration.applicability.default-minimum-collection-size=\
			2
		iterable-object-helper.parallel-iteration.applicability.max-runtime-thread-count-threshold=\
			autodetect
		iterable-object-helper.parallel-iteration.applicability.output-collection-enabled-types=\
			java.util.concurrent.ConcurrentHashMap$CollectionView;\
			java.util.Collections$SynchronizedCollection;\
			java.util.concurrent.CopyOnWriteArrayList;\
			java.util.concurrent.CopyOnWriteArraySet;\
			java.util.concurrent.BlockingQueue;\
			java.util.concurrent.ConcurrentSkipListSet;\
			java.util.concurrent.ConcurrentSkipListMap$EntrySet;\
			java.util.concurrent.ConcurrentSkipListMap$KeySet;\
			java.util.concurrent.ConcurrentSkipListMap$Values;
		jvm.driver.init=\
			false
		managed-logger.repository=\
			autodetect
		managed-logger.repository.enabled=\
			true
		managed-logger.repository.logging.warn.disabled-for=\
			org.burningwave.core.assembler.ComponentContainer$ClassLoader;\
			org.burningwave.core.classes.MemoryClassLoader;\
			org.burningwave.core.classes.PathScannerClassLoader;
		modules.export-all-to-all=\
			true
		resource-releaser.enabled=\
			true
		synchronizer.all-threads-monitoring.enabled=\
			false
		synchronizer.all-threads-monitoring.interval=\
			90000
		thread-supplier.default-daemon-flag-value=\
			true
		thread-supplier.default-thread-priority=\
			5
		thread-supplier.max-detached-thread-count=\
			${thread-supplier.max-poolable-thread-count}
		thread-supplier.max-detached-thread-count.elapsed-time-threshold-from-last-increase-for-gradual-decreasing-to-initial-value=\
			30000
		thread-supplier.max-detached-thread-count.increasing-step=\
			autodetect
		thread-supplier.max-poolable-thread-count=\
			autodetect
		thread-supplier.poolable-thread-request-timeout=\
			6000


2025-12-26 21:59:29,610 [main] INFO  o.b.core.jvm.BufferHandler - (BufferHandler.java:127) - default buffer size: 1024 bytes
2025-12-26 21:59:29,611 [main] INFO  o.b.core.jvm.BufferHandler - (BufferHandler.java:141) - default allocation mode: ByteBuffer::allocateDirect
2025-12-26 21:59:29,615 [main] INFO  org.burningwave.core.Cache - (Cache.java:76) - Building cache
2025-12-26 21:59:29,638 [main] INFO  o.b.c.a.StaticComponentContainer - (StaticComponentContainer.java:443) - org.burningwave.core.assembler.StaticComponentContainer initialized in 0.1476469 seconds
2025-12-26 21:59:32,059 [Worker-6: Loading available Gradle versions] INFO  o.e.b.c.i.u.g.PublishedGradleVersions - Gradle version information cache is out-of-date. Trying to update.
2025-12-26 22:00:58,868 [Burningwave - Resource releaser] INFO  o.b.c.a.StaticComponentContainer - (StaticComponentContainer.java:391) - ... Waiting for all tasks ending
2025-12-26 22:00:58,873 [Burningwave - Resource releaser] INFO  o.b.c.a.StaticComponentContainer - (StaticComponentContainer.java:397) - Closing all component containers
2025-12-26 22:00:58,875 [Burningwave - Resource releaser] INFO  o.b.c.a.StaticComponentContainer - (StaticComponentContainer.java:403) - Closing FileSystemHelper
2025-12-26 22:00:58,877 [Burningwave - Resource releaser] INFO  o.b.c.a.StaticComponentContainer - (StaticComponentContainer.java:409) - ... Waiting for all tasks ending before shutting down the BackgroundExecutor
2025-12-26 22:00:58,880 [Burningwave - Resource releaser] INFO  o.b.c.a.StaticComponentContainer - (StaticComponentContainer.java:414) - Shutting down BackgroundExecutor
2025-12-26 22:00:58,880 [Burningwave - Resource releaser] INFO  o.b.c.a.StaticComponentContainer - (StaticComponentContainer.java:420) - Stopping all threads monitoring thread
2025-12-26 22:00:58,881 [Burningwave - Resource releaser] INFO  o.b.c.a.StaticComponentContainer - (StaticComponentContainer.java:425) - Closing ThreadHolder
2025-12-26 22:00:58,882 [Burningwave - Resource releaser] INFO  o.b.c.a.StaticComponentContainer - (StaticComponentContainer.java:430) - Shutting down ThreadSupplier
2025-12-31 03:51:13,025 [main] INFO  o.b.c.a.StaticComponentContainer - (StaticComponentContainer.java:368) - Instantiated org.burningwave.core.SLF4JManagedLoggerRepository
2025-12-31 03:51:13,027 [main] INFO  o.b.c.a.StaticComponentContainer - (StaticComponentContainer.java:369) - 

	Configuration values for static components:

		background-executor.all-tasks-monitoring.enabled=\
			true
		background-executor.all-tasks-monitoring.interval=\
			30000
		background-executor.all-tasks-monitoring.logger.enabled=\
			false
		background-executor.all-tasks-monitoring.minimum-elapsed-time-to-consider-a-task-as-probable-dead-locked=\
			300000
		background-executor.all-tasks-monitoring.probable-dead-locked-tasks-handling.policy=\
			log only
		background-executor.queued-task-executor[0].name=\
			Low priority tasks
		background-executor.queued-task-executor[0].priority=\
			1
		background-executor.queued-task-executor[1].name=\
			Normal priority tasks
		background-executor.queued-task-executor[1].priority=\
			5
		background-executor.queued-task-executor[2].name=\
			High priority tasks
		background-executor.queued-task-executor[2].priority=\
			10
		background-executor.task-creation-tracking.enabled=\
			${background-executor.all-tasks-monitoring.enabled}
		banner.additonal-informations=\
			${Bundle-Vendor} ${Bundle-Name} ${Bundle-Version}
		banner.additonal-informations.retrieve-from-manifest-file-of=\
			Burningwave Core
		banner.file=\
			org/burningwave/banner.bwb
		banner.hide=\
			true
		buffer-handler.default-allocation-mode=\
			ByteBuffer::allocateDirect
		buffer-handler.default-buffer-size=\
			1024
		group-name-for-named-elements=\
			Burningwave
		iterable-object-helper.default-values-separator=\
			;
		iterable-object-helper.parallel-iteration.applicability.default-minimum-collection-size=\
			2
		iterable-object-helper.parallel-iteration.applicability.max-runtime-thread-count-threshold=\
			autodetect
		iterable-object-helper.parallel-iteration.applicability.output-collection-enabled-types=\
			java.util.concurrent.ConcurrentHashMap$CollectionView;\
			java.util.Collections$SynchronizedCollection;\
			java.util.concurrent.CopyOnWriteArrayList;\
			java.util.concurrent.CopyOnWriteArraySet;\
			java.util.concurrent.BlockingQueue;\
			java.util.concurrent.ConcurrentSkipListSet;\
			java.util.concurrent.ConcurrentSkipListMap$EntrySet;\
			java.util.concurrent.ConcurrentSkipListMap$KeySet;\
			java.util.concurrent.ConcurrentSkipListMap$Values;
		jvm.driver.init=\
			false
		managed-logger.repository=\
			autodetect
		managed-logger.repository.enabled=\
			true
		managed-logger.repository.logging.warn.disabled-for=\
			org.burningwave.core.assembler.ComponentContainer$ClassLoader;\
			org.burningwave.core.classes.MemoryClassLoader;\
			org.burningwave.core.classes.PathScannerClassLoader;
		modules.export-all-to-all=\
			true
		resource-releaser.enabled=\
			true
		synchronizer.all-threads-monitoring.enabled=\
			false
		synchronizer.all-threads-monitoring.interval=\
			90000
		thread-supplier.default-daemon-flag-value=\
			true
		thread-supplier.default-thread-priority=\
			5
		thread-supplier.max-detached-thread-count=\
			${thread-supplier.max-poolable-thread-count}
		thread-supplier.max-detached-thread-count.elapsed-time-threshold-from-last-increase-for-gradual-decreasing-to-initial-value=\
			30000
		thread-supplier.max-detached-thread-count.increasing-step=\
			autodetect
		thread-supplier.max-poolable-thread-count=\
			autodetect
		thread-supplier.poolable-thread-request-timeout=\
			6000


2025-12-31 03:51:13,032 [main] INFO  o.b.core.jvm.BufferHandler - (BufferHandler.java:127) - default buffer size: 1024 bytes
2025-12-31 03:51:13,033 [main] INFO  o.b.core.jvm.BufferHandler - (BufferHandler.java:141) - default allocation mode: ByteBuffer::allocateDirect
2025-12-31 03:51:13,037 [main] INFO  org.burningwave.core.Cache - (Cache.java:76) - Building cache
2025-12-31 03:51:13,067 [main] INFO  o.b.c.a.StaticComponentContainer - (StaticComponentContainer.java:443) - org.burningwave.core.assembler.StaticComponentContainer initialized in 0.1354967 seconds
2025-12-31 03:51:14,852 [Worker-5: Loading available Gradle versions] INFO  o.e.b.c.i.u.g.PublishedGradleVersions - Gradle version information cache is out-of-date. Trying to update.
2025-12-31 04:02:17,504 [Burningwave - Resource releaser] INFO  o.b.c.a.StaticComponentContainer - (StaticComponentContainer.java:391) - ... Waiting for all tasks ending
2025-12-31 04:02:17,505 [Burningwave - Resource releaser] INFO  o.b.c.a.StaticComponentContainer - (StaticComponentContainer.java:397) - Closing all component containers
2025-12-31 04:02:17,506 [Burningwave - Resource releaser] INFO  o.b.c.a.StaticComponentContainer - (StaticComponentContainer.java:403) - Closing FileSystemHelper
2025-12-31 04:02:17,506 [Burningwave - Resource releaser] INFO  o.b.c.a.StaticComponentContainer - (StaticComponentContainer.java:409) - ... Waiting for all tasks ending before shutting down the BackgroundExecutor
2025-12-31 04:02:17,508 [Burningwave - Resource releaser] INFO  o.b.c.a.StaticComponentContainer - (StaticComponentContainer.java:414) - Shutting down BackgroundExecutor
2025-12-31 04:02:17,510 [Burningwave - Resource releaser] INFO  o.b.c.a.StaticComponentContainer - (StaticComponentContainer.java:420) - Stopping all threads monitoring thread
2025-12-31 04:02:17,510 [Burningwave - Resource releaser] INFO  o.b.c.a.StaticComponentContainer - (StaticComponentContainer.java:425) - Closing ThreadHolder
2025-12-31 04:02:17,512 [Burningwave - Resource releaser] INFO  o.b.c.a.StaticComponentContainer - (StaticComponentContainer.java:430) - Shutting down ThreadSupplier
2025-12-31 04:50:07,137 [main] INFO  o.b.c.a.StaticComponentContainer - (StaticComponentContainer.java:368) - Instantiated org.burningwave.core.SLF4JManagedLoggerRepository
2025-12-31 04:50:07,140 [main] INFO  o.b.c.a.StaticComponentContainer - (StaticComponentContainer.java:369) - 

	Configuration values for static components:

		background-executor.all-tasks-monitoring.enabled=\
			true
		background-executor.all-tasks-monitoring.interval=\
			30000
		background-executor.all-tasks-monitoring.logger.enabled=\
			false
		background-executor.all-tasks-monitoring.minimum-elapsed-time-to-consider-a-task-as-probable-dead-locked=\
			300000
		background-executor.all-tasks-monitoring.probable-dead-locked-tasks-handling.policy=\
			log only
		background-executor.queued-task-executor[0].name=\
			Low priority tasks
		background-executor.queued-task-executor[0].priority=\
			1
		background-executor.queued-task-executor[1].name=\
			Normal priority tasks
		background-executor.queued-task-executor[1].priority=\
			5
		background-executor.queued-task-executor[2].name=\
			High priority tasks
		background-executor.queued-task-executor[2].priority=\
			10
		background-executor.task-creation-tracking.enabled=\
			${background-executor.all-tasks-monitoring.enabled}
		banner.additonal-informations=\
			${Bundle-Vendor} ${Bundle-Name} ${Bundle-Version}
		banner.additonal-informations.retrieve-from-manifest-file-of=\
			Burningwave Core
		banner.file=\
			org/burningwave/banner.bwb
		banner.hide=\
			true
		buffer-handler.default-allocation-mode=\
			ByteBuffer::allocateDirect
		buffer-handler.default-buffer-size=\
			1024
		group-name-for-named-elements=\
			Burningwave
		iterable-object-helper.default-values-separator=\
			;
		iterable-object-helper.parallel-iteration.applicability.default-minimum-collection-size=\
			2
		iterable-object-helper.parallel-iteration.applicability.max-runtime-thread-count-threshold=\
			autodetect
		iterable-object-helper.parallel-iteration.applicability.output-collection-enabled-types=\
			java.util.concurrent.ConcurrentHashMap$CollectionView;\
			java.util.Collections$SynchronizedCollection;\
			java.util.concurrent.CopyOnWriteArrayList;\
			java.util.concurrent.CopyOnWriteArraySet;\
			java.util.concurrent.BlockingQueue;\
			java.util.concurrent.ConcurrentSkipListSet;\
			java.util.concurrent.ConcurrentSkipListMap$EntrySet;\
			java.util.concurrent.ConcurrentSkipListMap$KeySet;\
			java.util.concurrent.ConcurrentSkipListMap$Values;
		jvm.driver.init=\
			false
		managed-logger.repository=\
			autodetect
		managed-logger.repository.enabled=\
			true
		managed-logger.repository.logging.warn.disabled-for=\
			org.burningwave.core.assembler.ComponentContainer$ClassLoader;\
			org.burningwave.core.classes.MemoryClassLoader;\
			org.burningwave.core.classes.PathScannerClassLoader;
		modules.export-all-to-all=\
			true
		resource-releaser.enabled=\
			true
		synchronizer.all-threads-monitoring.enabled=\
			false
		synchronizer.all-threads-monitoring.interval=\
			90000
		thread-supplier.default-daemon-flag-value=\
			true
		thread-supplier.default-thread-priority=\
			5
		thread-supplier.max-detached-thread-count=\
			${thread-supplier.max-poolable-thread-count}
		thread-supplier.max-detached-thread-count.elapsed-time-threshold-from-last-increase-for-gradual-decreasing-to-initial-value=\
			30000
		thread-supplier.max-detached-thread-count.increasing-step=\
			autodetect
		thread-supplier.max-poolable-thread-count=\
			autodetect
		thread-supplier.poolable-thread-request-timeout=\
			6000


2025-12-31 04:50:07,143 [main] INFO  o.b.core.jvm.BufferHandler - (BufferHandler.java:127) - default buffer size: 1024 bytes
2025-12-31 04:50:07,144 [main] INFO  o.b.core.jvm.BufferHandler - (BufferHandler.java:141) - default allocation mode: ByteBuffer::allocateDirect
2025-12-31 04:50:07,151 [main] INFO  org.burningwave.core.Cache - (Cache.java:76) - Building cache
2025-12-31 04:50:07,179 [main] INFO  o.b.c.a.StaticComponentContainer - (StaticComponentContainer.java:443) - org.burningwave.core.assembler.StaticComponentContainer initialized in 0.1582416 seconds
2025-12-31 04:50:08,987 [Worker-7: Loading available Gradle versions] INFO  o.e.b.c.i.u.g.PublishedGradleVersions - Gradle version information cache is up-to-date. Trying to read.
2026-01-01 17:24:06,448 [Burningwave - Resource releaser] INFO  o.b.c.a.StaticComponentContainer - (StaticComponentContainer.java:391) - ... Waiting for all tasks ending
2026-01-01 17:24:06,451 [Burningwave - Resource releaser] INFO  o.b.c.a.StaticComponentContainer - (StaticComponentContainer.java:397) - Closing all component containers
2026-01-01 17:24:06,454 [Burningwave - Resource releaser] INFO  o.b.c.a.StaticComponentContainer - (StaticComponentContainer.java:403) - Closing FileSystemHelper
2026-01-01 17:24:06,455 [Burningwave - Resource releaser] INFO  o.b.c.a.StaticComponentContainer - (StaticComponentContainer.java:409) - ... Waiting for all tasks ending before shutting down the BackgroundExecutor
2026-01-01 17:24:06,456 [Burningwave - Resource releaser] INFO  o.b.c.a.StaticComponentContainer - (StaticComponentContainer.java:414) - Shutting down BackgroundExecutor
2026-01-01 17:24:06,456 [Burningwave - Resource releaser] INFO  o.b.c.a.StaticComponentContainer - (StaticComponentContainer.java:420) - Stopping all threads monitoring thread
2026-01-01 17:24:06,457 [Burningwave - Resource releaser] INFO  o.b.c.a.StaticComponentContainer - (StaticComponentContainer.java:425) - Closing ThreadHolder
2026-01-01 17:24:06,458 [Burningwave - Resource releaser] INFO  o.b.c.a.StaticComponentContainer - (StaticComponentContainer.java:430) - Shutting down ThreadSupplier
2026-01-03 23:41:23,600 [main] INFO  o.b.c.a.StaticComponentContainer - (StaticComponentContainer.java:368) - Instantiated org.burningwave.core.SLF4JManagedLoggerRepository
2026-01-03 23:41:23,603 [main] INFO  o.b.c.a.StaticComponentContainer - (StaticComponentContainer.java:369) - 

	Configuration values for static components:

		background-executor.all-tasks-monitoring.enabled=\
			true
		background-executor.all-tasks-monitoring.interval=\
			30000
		background-executor.all-tasks-monitoring.logger.enabled=\
			false
		background-executor.all-tasks-monitoring.minimum-elapsed-time-to-consider-a-task-as-probable-dead-locked=\
			300000
		background-executor.all-tasks-monitoring.probable-dead-locked-tasks-handling.policy=\
			log only
		background-executor.queued-task-executor[0].name=\
			Low priority tasks
		background-executor.queued-task-executor[0].priority=\
			1
		background-executor.queued-task-executor[1].name=\
			Normal priority tasks
		background-executor.queued-task-executor[1].priority=\
			5
		background-executor.queued-task-executor[2].name=\
			High priority tasks
		background-executor.queued-task-executor[2].priority=\
			10
		background-executor.task-creation-tracking.enabled=\
			${background-executor.all-tasks-monitoring.enabled}
		banner.additonal-informations=\
			${Bundle-Vendor} ${Bundle-Name} ${Bundle-Version}
		banner.additonal-informations.retrieve-from-manifest-file-of=\
			Burningwave Core
		banner.file=\
			org/burningwave/banner.bwb
		banner.hide=\
			true
		buffer-handler.default-allocation-mode=\
			ByteBuffer::allocateDirect
		buffer-handler.default-buffer-size=\
			1024
		group-name-for-named-elements=\
			Burningwave
		iterable-object-helper.default-values-separator=\
			;
		iterable-object-helper.parallel-iteration.applicability.default-minimum-collection-size=\
			2
		iterable-object-helper.parallel-iteration.applicability.max-runtime-thread-count-threshold=\
			autodetect
		iterable-object-helper.parallel-iteration.applicability.output-collection-enabled-types=\
			java.util.concurrent.ConcurrentHashMap$CollectionView;\
			java.util.Collections$SynchronizedCollection;\
			java.util.concurrent.CopyOnWriteArrayList;\
			java.util.concurrent.CopyOnWriteArraySet;\
			java.util.concurrent.BlockingQueue;\
			java.util.concurrent.ConcurrentSkipListSet;\
			java.util.concurrent.ConcurrentSkipListMap$EntrySet;\
			java.util.concurrent.ConcurrentSkipListMap$KeySet;\
			java.util.concurrent.ConcurrentSkipListMap$Values;
		jvm.driver.init=\
			false
		managed-logger.repository=\
			autodetect
		managed-logger.repository.enabled=\
			true
		managed-logger.repository.logging.warn.disabled-for=\
			org.burningwave.core.assembler.ComponentContainer$ClassLoader;\
			org.burningwave.core.classes.MemoryClassLoader;\
			org.burningwave.core.classes.PathScannerClassLoader;
		modules.export-all-to-all=\
			true
		resource-releaser.enabled=\
			true
		synchronizer.all-threads-monitoring.enabled=\
			false
		synchronizer.all-threads-monitoring.interval=\
			90000
		thread-supplier.default-daemon-flag-value=\
			true
		thread-supplier.default-thread-priority=\
			5
		thread-supplier.max-detached-thread-count=\
			${thread-supplier.max-poolable-thread-count}
		thread-supplier.max-detached-thread-count.elapsed-time-threshold-from-last-increase-for-gradual-decreasing-to-initial-value=\
			30000
		thread-supplier.max-detached-thread-count.increasing-step=\
			autodetect
		thread-supplier.max-poolable-thread-count=\
			autodetect
		thread-supplier.poolable-thread-request-timeout=\
			6000


2026-01-03 23:41:23,606 [main] INFO  o.b.core.jvm.BufferHandler - (BufferHandler.java:127) - default buffer size: 1024 bytes
2026-01-03 23:41:23,607 [main] INFO  o.b.core.jvm.BufferHandler - (BufferHandler.java:141) - default allocation mode: ByteBuffer::allocateDirect
2026-01-03 23:41:23,613 [main] INFO  org.burningwave.core.Cache - (Cache.java:76) - Building cache
2026-01-03 23:41:23,642 [main] INFO  o.b.c.a.StaticComponentContainer - (StaticComponentContainer.java:443) - org.burningwave.core.assembler.StaticComponentContainer initialized in 0.1489087 seconds
2026-01-03 23:41:25,627 [Worker-1: Loading available Gradle versions] INFO  o.e.b.c.i.u.g.PublishedGradleVersions - Gradle version information cache is out-of-date. Trying to update.
2026-01-03 23:57:44,458 [Burningwave - Resource releaser] INFO  o.b.c.a.StaticComponentContainer - (StaticComponentContainer.java:391) - ... Waiting for all tasks ending
2026-01-03 23:57:44,461 [Burningwave - Resource releaser] INFO  o.b.c.a.StaticComponentContainer - (StaticComponentContainer.java:397) - Closing all component containers
2026-01-03 23:57:44,462 [Burningwave - Resource releaser] INFO  o.b.c.a.StaticComponentContainer - (StaticComponentContainer.java:403) - Closing FileSystemHelper
2026-01-03 23:57:44,464 [Burningwave - Resource releaser] INFO  o.b.c.a.StaticComponentContainer - (StaticComponentContainer.java:409) - ... Waiting for all tasks ending before shutting down the BackgroundExecutor
2026-01-03 23:57:44,464 [Burningwave - Resource releaser] INFO  o.b.c.a.StaticComponentContainer - (StaticComponentContainer.java:414) - Shutting down BackgroundExecutor
2026-01-03 23:57:44,465 [Burningwave - Resource releaser] INFO  o.b.c.a.StaticComponentContainer - (StaticComponentContainer.java:420) - Stopping all threads monitoring thread
2026-01-03 23:57:44,466 [Burningwave - Resource releaser] INFO  o.b.c.a.StaticComponentContainer - (StaticComponentContainer.java:425) - Closing ThreadHolder
2026-01-03 23:57:44,466 [Burningwave - Resource releaser] INFO  o.b.c.a.StaticComponentContainer - (StaticComponentContainer.java:430) - Shutting down ThreadSupplier
2026-01-05 13:29:43,584 [main] INFO  o.b.c.a.StaticComponentContainer - (StaticComponentContainer.java:368) - Instantiated org.burningwave.core.SLF4JManagedLoggerRepository
2026-01-05 13:29:43,586 [main] INFO  o.b.c.a.StaticComponentContainer - (StaticComponentContainer.java:369) - 

	Configuration values for static components:

		background-executor.all-tasks-monitoring.enabled=\
			true
		background-executor.all-tasks-monitoring.interval=\
			30000
		background-executor.all-tasks-monitoring.logger.enabled=\
			false
		background-executor.all-tasks-monitoring.minimum-elapsed-time-to-consider-a-task-as-probable-dead-locked=\
			300000
		background-executor.all-tasks-monitoring.probable-dead-locked-tasks-handling.policy=\
			log only
		background-executor.queued-task-executor[0].name=\
			Low priority tasks
		background-executor.queued-task-executor[0].priority=\
			1
		background-executor.queued-task-executor[1].name=\
			Normal priority tasks
		background-executor.queued-task-executor[1].priority=\
			5
		background-executor.queued-task-executor[2].name=\
			High priority tasks
		background-executor.queued-task-executor[2].priority=\
			10
		background-executor.task-creation-tracking.enabled=\
			${background-executor.all-tasks-monitoring.enabled}
		banner.additonal-informations=\
			${Bundle-Vendor} ${Bundle-Name} ${Bundle-Version}
		banner.additonal-informations.retrieve-from-manifest-file-of=\
			Burningwave Core
		banner.file=\
			org/burningwave/banner.bwb
		banner.hide=\
			true
		buffer-handler.default-allocation-mode=\
			ByteBuffer::allocateDirect
		buffer-handler.default-buffer-size=\
			1024
		group-name-for-named-elements=\
			Burningwave
		iterable-object-helper.default-values-separator=\
			;
		iterable-object-helper.parallel-iteration.applicability.default-minimum-collection-size=\
			2
		iterable-object-helper.parallel-iteration.applicability.max-runtime-thread-count-threshold=\
			autodetect
		iterable-object-helper.parallel-iteration.applicability.output-collection-enabled-types=\
			java.util.concurrent.ConcurrentHashMap$CollectionView;\
			java.util.Collections$SynchronizedCollection;\
			java.util.concurrent.CopyOnWriteArrayList;\
			java.util.concurrent.CopyOnWriteArraySet;\
			java.util.concurrent.BlockingQueue;\
			java.util.concurrent.ConcurrentSkipListSet;\
			java.util.concurrent.ConcurrentSkipListMap$EntrySet;\
			java.util.concurrent.ConcurrentSkipListMap$KeySet;\
			java.util.concurrent.ConcurrentSkipListMap$Values;
		jvm.driver.init=\
			false
		managed-logger.repository=\
			autodetect
		managed-logger.repository.enabled=\
			true
		managed-logger.repository.logging.warn.disabled-for=\
			org.burningwave.core.assembler.ComponentContainer$ClassLoader;\
			org.burningwave.core.classes.MemoryClassLoader;\
			org.burningwave.core.classes.PathScannerClassLoader;
		modules.export-all-to-all=\
			true
		resource-releaser.enabled=\
			true
		synchronizer.all-threads-monitoring.enabled=\
			false
		synchronizer.all-threads-monitoring.interval=\
			90000
		thread-supplier.default-daemon-flag-value=\
			true
		thread-supplier.default-thread-priority=\
			5
		thread-supplier.max-detached-thread-count=\
			${thread-supplier.max-poolable-thread-count}
		thread-supplier.max-detached-thread-count.elapsed-time-threshold-from-last-increase-for-gradual-decreasing-to-initial-value=\
			30000
		thread-supplier.max-detached-thread-count.increasing-step=\
			autodetect
		thread-supplier.max-poolable-thread-count=\
			autodetect
		thread-supplier.poolable-thread-request-timeout=\
			6000


2026-01-05 13:29:43,588 [main] INFO  o.b.core.jvm.BufferHandler - (BufferHandler.java:127) - default buffer size: 1024 bytes
2026-01-05 13:29:43,588 [main] INFO  o.b.core.jvm.BufferHandler - (BufferHandler.java:141) - default allocation mode: ByteBuffer::allocateDirect
2026-01-05 13:29:43,592 [main] INFO  org.burningwave.core.Cache - (Cache.java:76) - Building cache
2026-01-05 13:29:43,615 [main] INFO  o.b.c.a.StaticComponentContainer - (StaticComponentContainer.java:443) - org.burningwave.core.assembler.StaticComponentContainer initialized in 0.1259301 seconds
2026-01-05 13:29:45,789 [Worker-5: Loading available Gradle versions] INFO  o.e.b.c.i.u.g.PublishedGradleVersions - Gradle version information cache is out-of-date. Trying to update.
2026-01-05 14:39:21,626 [Burningwave - Resource releaser] INFO  o.b.c.a.StaticComponentContainer - (StaticComponentContainer.java:391) - ... Waiting for all tasks ending
2026-01-05 14:39:21,627 [Burningwave - Resource releaser] INFO  o.b.c.a.StaticComponentContainer - (StaticComponentContainer.java:397) - Closing all component containers
2026-01-05 14:39:21,629 [Burningwave - Resource releaser] INFO  o.b.c.a.StaticComponentContainer - (StaticComponentContainer.java:403) - Closing FileSystemHelper
2026-01-05 14:39:21,629 [Burningwave - Resource releaser] INFO  o.b.c.a.StaticComponentContainer - (StaticComponentContainer.java:409) - ... Waiting for all tasks ending before shutting down the BackgroundExecutor
2026-01-05 14:39:21,631 [Burningwave - Resource releaser] INFO  o.b.c.a.StaticComponentContainer - (StaticComponentContainer.java:414) - Shutting down BackgroundExecutor
2026-01-05 14:39:21,631 [Burningwave - Resource releaser] INFO  o.b.c.a.StaticComponentContainer - (StaticComponentContainer.java:420) - Stopping all threads monitoring thread
2026-01-05 14:39:21,632 [Burningwave - Resource releaser] INFO  o.b.c.a.StaticComponentContainer - (StaticComponentContainer.java:425) - Closing ThreadHolder
2026-01-05 14:39:21,632 [Burningwave - Resource releaser] INFO  o.b.c.a.StaticComponentContainer - (StaticComponentContainer.java:430) - Shutting down ThreadSupplier
2026-01-06 12:12:23,261 [main] INFO  o.b.c.a.StaticComponentContainer - (StaticComponentContainer.java:368) - Instantiated org.burningwave.core.SLF4JManagedLoggerRepository
2026-01-06 12:12:23,265 [main] INFO  o.b.c.a.StaticComponentContainer - (StaticComponentContainer.java:369) - 

	Configuration values for static components:

		background-executor.all-tasks-monitoring.enabled=\
			true
		background-executor.all-tasks-monitoring.interval=\
			30000
		background-executor.all-tasks-monitoring.logger.enabled=\
			false
		background-executor.all-tasks-monitoring.minimum-elapsed-time-to-consider-a-task-as-probable-dead-locked=\
			300000
		background-executor.all-tasks-monitoring.probable-dead-locked-tasks-handling.policy=\
			log only
		background-executor.queued-task-executor[0].name=\
			Low priority tasks
		background-executor.queued-task-executor[0].priority=\
			1
		background-executor.queued-task-executor[1].name=\
			Normal priority tasks
		background-executor.queued-task-executor[1].priority=\
			5
		background-executor.queued-task-executor[2].name=\
			High priority tasks
		background-executor.queued-task-executor[2].priority=\
			10
		background-executor.task-creation-tracking.enabled=\
			${background-executor.all-tasks-monitoring.enabled}
		banner.additonal-informations=\
			${Bundle-Vendor} ${Bundle-Name} ${Bundle-Version}
		banner.additonal-informations.retrieve-from-manifest-file-of=\
			Burningwave Core
		banner.file=\
			org/burningwave/banner.bwb
		banner.hide=\
			true
		buffer-handler.default-allocation-mode=\
			ByteBuffer::allocateDirect
		buffer-handler.default-buffer-size=\
			1024
		group-name-for-named-elements=\
			Burningwave
		iterable-object-helper.default-values-separator=\
			;
		iterable-object-helper.parallel-iteration.applicability.default-minimum-collection-size=\
			2
		iterable-object-helper.parallel-iteration.applicability.max-runtime-thread-count-threshold=\
			autodetect
		iterable-object-helper.parallel-iteration.applicability.output-collection-enabled-types=\
			java.util.concurrent.ConcurrentHashMap$CollectionView;\
			java.util.Collections$SynchronizedCollection;\
			java.util.concurrent.CopyOnWriteArrayList;\
			java.util.concurrent.CopyOnWriteArraySet;\
			java.util.concurrent.BlockingQueue;\
			java.util.concurrent.ConcurrentSkipListSet;\
			java.util.concurrent.ConcurrentSkipListMap$EntrySet;\
			java.util.concurrent.ConcurrentSkipListMap$KeySet;\
			java.util.concurrent.ConcurrentSkipListMap$Values;
		jvm.driver.init=\
			false
		managed-logger.repository=\
			autodetect
		managed-logger.repository.enabled=\
			true
		managed-logger.repository.logging.warn.disabled-for=\
			org.burningwave.core.assembler.ComponentContainer$ClassLoader;\
			org.burningwave.core.classes.MemoryClassLoader;\
			org.burningwave.core.classes.PathScannerClassLoader;
		modules.export-all-to-all=\
			true
		resource-releaser.enabled=\
			true
		synchronizer.all-threads-monitoring.enabled=\
			false
		synchronizer.all-threads-monitoring.interval=\
			90000
		thread-supplier.default-daemon-flag-value=\
			true
		thread-supplier.default-thread-priority=\
			5
		thread-supplier.max-detached-thread-count=\
			${thread-supplier.max-poolable-thread-count}
		thread-supplier.max-detached-thread-count.elapsed-time-threshold-from-last-increase-for-gradual-decreasing-to-initial-value=\
			30000
		thread-supplier.max-detached-thread-count.increasing-step=\
			autodetect
		thread-supplier.max-poolable-thread-count=\
			autodetect
		thread-supplier.poolable-thread-request-timeout=\
			6000


2026-01-06 12:12:23,267 [main] INFO  o.b.core.jvm.BufferHandler - (BufferHandler.java:127) - default buffer size: 1024 bytes
2026-01-06 12:12:23,269 [main] INFO  o.b.core.jvm.BufferHandler - (BufferHandler.java:141) - default allocation mode: ByteBuffer::allocateDirect
2026-01-06 12:12:23,275 [main] INFO  org.burningwave.core.Cache - (Cache.java:76) - Building cache
2026-01-06 12:12:23,311 [main] INFO  o.b.c.a.StaticComponentContainer - (StaticComponentContainer.java:443) - org.burningwave.core.assembler.StaticComponentContainer initialized in 0.1865814 seconds
2026-01-06 12:12:25,499 [Worker-5: Loading available Gradle versions] INFO  o.e.b.c.i.u.g.PublishedGradleVersions - Gradle version information cache is up-to-date. Trying to read.
2026-01-06 12:18:11,133 [Burningwave - Resource releaser] INFO  o.b.c.a.StaticComponentContainer - (StaticComponentContainer.java:391) - ... Waiting for all tasks ending
2026-01-06 12:18:11,137 [Burningwave - Resource releaser] INFO  o.b.c.a.StaticComponentContainer - (StaticComponentContainer.java:397) - Closing all component containers
2026-01-06 12:18:11,140 [Burningwave - Resource releaser] INFO  o.b.c.a.StaticComponentContainer - (StaticComponentContainer.java:403) - Closing FileSystemHelper
2026-01-06 12:18:11,141 [Burningwave - Resource releaser] INFO  o.b.c.a.StaticComponentContainer - (StaticComponentContainer.java:409) - ... Waiting for all tasks ending before shutting down the BackgroundExecutor
2026-01-06 12:18:11,142 [Burningwave - Resource releaser] INFO  o.b.c.a.StaticComponentContainer - (StaticComponentContainer.java:414) - Shutting down BackgroundExecutor
2026-01-06 12:18:11,145 [Burningwave - Resource releaser] INFO  o.b.c.a.StaticComponentContainer - (StaticComponentContainer.java:420) - Stopping all threads monitoring thread
2026-01-06 12:18:11,145 [Burningwave - Resource releaser] INFO  o.b.c.a.StaticComponentContainer - (StaticComponentContainer.java:425) - Closing ThreadHolder
2026-01-06 12:18:11,145 [Burningwave - Resource releaser] INFO  o.b.c.a.StaticComponentContainer - (StaticComponentContainer.java:430) - Shutting down ThreadSupplier
2026-01-06 12:21:02,520 [main] INFO  o.b.c.a.StaticComponentContainer - (StaticComponentContainer.java:368) - Instantiated org.burningwave.core.SLF4JManagedLoggerRepository
2026-01-06 12:21:02,522 [main] INFO  o.b.c.a.StaticComponentContainer - (StaticComponentContainer.java:369) - 

	Configuration values for static components:

		background-executor.all-tasks-monitoring.enabled=\
			true
		background-executor.all-tasks-monitoring.interval=\
			30000
		background-executor.all-tasks-monitoring.logger.enabled=\
			false
		background-executor.all-tasks-monitoring.minimum-elapsed-time-to-consider-a-task-as-probable-dead-locked=\
			300000
		background-executor.all-tasks-monitoring.probable-dead-locked-tasks-handling.policy=\
			log only
		background-executor.queued-task-executor[0].name=\
			Low priority tasks
		background-executor.queued-task-executor[0].priority=\
			1
		background-executor.queued-task-executor[1].name=\
			Normal priority tasks
		background-executor.queued-task-executor[1].priority=\
			5
		background-executor.queued-task-executor[2].name=\
			High priority tasks
		background-executor.queued-task-executor[2].priority=\
			10
		background-executor.task-creation-tracking.enabled=\
			${background-executor.all-tasks-monitoring.enabled}
		banner.additonal-informations=\
			${Bundle-Vendor} ${Bundle-Name} ${Bundle-Version}
		banner.additonal-informations.retrieve-from-manifest-file-of=\
			Burningwave Core
		banner.file=\
			org/burningwave/banner.bwb
		banner.hide=\
			true
		buffer-handler.default-allocation-mode=\
			ByteBuffer::allocateDirect
		buffer-handler.default-buffer-size=\
			1024
		group-name-for-named-elements=\
			Burningwave
		iterable-object-helper.default-values-separator=\
			;
		iterable-object-helper.parallel-iteration.applicability.default-minimum-collection-size=\
			2
		iterable-object-helper.parallel-iteration.applicability.max-runtime-thread-count-threshold=\
			autodetect
		iterable-object-helper.parallel-iteration.applicability.output-collection-enabled-types=\
			java.util.concurrent.ConcurrentHashMap$CollectionView;\
			java.util.Collections$SynchronizedCollection;\
			java.util.concurrent.CopyOnWriteArrayList;\
			java.util.concurrent.CopyOnWriteArraySet;\
			java.util.concurrent.BlockingQueue;\
			java.util.concurrent.ConcurrentSkipListSet;\
			java.util.concurrent.ConcurrentSkipListMap$EntrySet;\
			java.util.concurrent.ConcurrentSkipListMap$KeySet;\
			java.util.concurrent.ConcurrentSkipListMap$Values;
		jvm.driver.init=\
			false
		managed-logger.repository=\
			autodetect
		managed-logger.repository.enabled=\
			true
		managed-logger.repository.logging.warn.disabled-for=\
			org.burningwave.core.assembler.ComponentContainer$ClassLoader;\
			org.burningwave.core.classes.MemoryClassLoader;\
			org.burningwave.core.classes.PathScannerClassLoader;
		modules.export-all-to-all=\
			true
		resource-releaser.enabled=\
			true
		synchronizer.all-threads-monitoring.enabled=\
			false
		synchronizer.all-threads-monitoring.interval=\
			90000
		thread-supplier.default-daemon-flag-value=\
			true
		thread-supplier.default-thread-priority=\
			5
		thread-supplier.max-detached-thread-count=\
			${thread-supplier.max-poolable-thread-count}
		thread-supplier.max-detached-thread-count.elapsed-time-threshold-from-last-increase-for-gradual-decreasing-to-initial-value=\
			30000
		thread-supplier.max-detached-thread-count.increasing-step=\
			autodetect
		thread-supplier.max-poolable-thread-count=\
			autodetect
		thread-supplier.poolable-thread-request-timeout=\
			6000


2026-01-06 12:21:02,527 [main] INFO  o.b.core.jvm.BufferHandler - (BufferHandler.java:127) - default buffer size: 1024 bytes
2026-01-06 12:21:02,528 [main] INFO  o.b.core.jvm.BufferHandler - (BufferHandler.java:141) - default allocation mode: ByteBuffer::allocateDirect
2026-01-06 12:21:02,531 [main] INFO  org.burningwave.core.Cache - (Cache.java:76) - Building cache
2026-01-06 12:21:02,555 [main] INFO  o.b.c.a.StaticComponentContainer - (StaticComponentContainer.java:443) - org.burningwave.core.assembler.StaticComponentContainer initialized in 0.1211826 seconds
2026-01-06 12:21:05,910 [Worker-7: Loading available Gradle versions] INFO  o.e.b.c.i.u.g.PublishedGradleVersions - Gradle version information cache is up-to-date. Trying to read.
2026-01-06 12:31:24,932 [Burningwave - Resource releaser] INFO  o.b.c.a.StaticComponentContainer - (StaticComponentContainer.java:391) - ... Waiting for all tasks ending
2026-01-06 12:31:24,933 [Burningwave - Resource releaser] INFO  o.b.c.a.StaticComponentContainer - (StaticComponentContainer.java:397) - Closing all component containers
2026-01-06 12:31:24,935 [Burningwave - Resource releaser] INFO  o.b.c.a.StaticComponentContainer - (StaticComponentContainer.java:403) - Closing FileSystemHelper
2026-01-06 12:31:24,935 [Burningwave - Resource releaser] INFO  o.b.c.a.StaticComponentContainer - (StaticComponentContainer.java:409) - ... Waiting for all tasks ending before shutting down the BackgroundExecutor
2026-01-06 12:31:24,937 [Burningwave - Resource releaser] INFO  o.b.c.a.StaticComponentContainer - (StaticComponentContainer.java:414) - Shutting down BackgroundExecutor
2026-01-06 12:31:24,937 [Burningwave - Resource releaser] INFO  o.b.c.a.StaticComponentContainer - (StaticComponentContainer.java:420) - Stopping all threads monitoring thread
2026-01-06 12:31:24,938 [Burningwave - Resource releaser] INFO  o.b.c.a.StaticComponentContainer - (StaticComponentContainer.java:425) - Closing ThreadHolder
2026-01-06 12:31:24,938 [Burningwave - Resource releaser] INFO  o.b.c.a.StaticComponentContainer - (StaticComponentContainer.java:430) - Shutting down ThreadSupplier
2026-01-06 12:32:49,185 [Worker-7: Loading available Gradle versions] INFO  o.e.b.c.i.u.g.PublishedGradleVersions - Gradle version information cache is up-to-date. Trying to read.
2026-01-06 13:26:44,604 [Worker-6: Loading available Gradle versions] INFO  o.e.b.c.i.u.g.PublishedGradleVersions - Gradle version information cache is up-to-date. Trying to read.
2026-01-06 13:26:48,064 [main] INFO  o.b.c.a.StaticComponentContainer - (StaticComponentContainer.java:368) - Instantiated org.burningwave.core.SLF4JManagedLoggerRepository
2026-01-06 13:26:48,067 [main] INFO  o.b.c.a.StaticComponentContainer - (StaticComponentContainer.java:369) - 

	Configuration values for static components:

		background-executor.all-tasks-monitoring.enabled=\
			true
		background-executor.all-tasks-monitoring.interval=\
			30000
		background-executor.all-tasks-monitoring.logger.enabled=\
			false
		background-executor.all-tasks-monitoring.minimum-elapsed-time-to-consider-a-task-as-probable-dead-locked=\
			300000
		background-executor.all-tasks-monitoring.probable-dead-locked-tasks-handling.policy=\
			log only
		background-executor.queued-task-executor[0].name=\
			Low priority tasks
		background-executor.queued-task-executor[0].priority=\
			1
		background-executor.queued-task-executor[1].name=\
			Normal priority tasks
		background-executor.queued-task-executor[1].priority=\
			5
		background-executor.queued-task-executor[2].name=\
			High priority tasks
		background-executor.queued-task-executor[2].priority=\
			10
		background-executor.task-creation-tracking.enabled=\
			${background-executor.all-tasks-monitoring.enabled}
		banner.additonal-informations=\
			${Bundle-Vendor} ${Bundle-Name} ${Bundle-Version}
		banner.additonal-informations.retrieve-from-manifest-file-of=\
			Burningwave Core
		banner.file=\
			org/burningwave/banner.bwb
		banner.hide=\
			true
		buffer-handler.default-allocation-mode=\
			ByteBuffer::allocateDirect
		buffer-handler.default-buffer-size=\
			1024
		group-name-for-named-elements=\
			Burningwave
		iterable-object-helper.default-values-separator=\
			;
		iterable-object-helper.parallel-iteration.applicability.default-minimum-collection-size=\
			2
		iterable-object-helper.parallel-iteration.applicability.max-runtime-thread-count-threshold=\
			autodetect
		iterable-object-helper.parallel-iteration.applicability.output-collection-enabled-types=\
			java.util.concurrent.ConcurrentHashMap$CollectionView;\
			java.util.Collections$SynchronizedCollection;\
			java.util.concurrent.CopyOnWriteArrayList;\
			java.util.concurrent.CopyOnWriteArraySet;\
			java.util.concurrent.BlockingQueue;\
			java.util.concurrent.ConcurrentSkipListSet;\
			java.util.concurrent.ConcurrentSkipListMap$EntrySet;\
			java.util.concurrent.ConcurrentSkipListMap$KeySet;\
			java.util.concurrent.ConcurrentSkipListMap$Values;
		jvm.driver.init=\
			false
		managed-logger.repository=\
			autodetect
		managed-logger.repository.enabled=\
			true
		managed-logger.repository.logging.warn.disabled-for=\
			org.burningwave.core.assembler.ComponentContainer$ClassLoader;\
			org.burningwave.core.classes.MemoryClassLoader;\
			org.burningwave.core.classes.PathScannerClassLoader;
		modules.export-all-to-all=\
			true
		resource-releaser.enabled=\
			true
		synchronizer.all-threads-monitoring.enabled=\
			false
		synchronizer.all-threads-monitoring.interval=\
			90000
		thread-supplier.default-daemon-flag-value=\
			true
		thread-supplier.default-thread-priority=\
			5
		thread-supplier.max-detached-thread-count=\
			${thread-supplier.max-poolable-thread-count}
		thread-supplier.max-detached-thread-count.elapsed-time-threshold-from-last-increase-for-gradual-decreasing-to-initial-value=\
			30000
		thread-supplier.max-detached-thread-count.increasing-step=\
			autodetect
		thread-supplier.max-poolable-thread-count=\
			autodetect
		thread-supplier.poolable-thread-request-timeout=\
			6000


2026-01-06 13:26:48,070 [main] INFO  o.b.core.jvm.BufferHandler - (BufferHandler.java:127) - default buffer size: 1024 bytes
2026-01-06 13:26:48,071 [main] INFO  o.b.core.jvm.BufferHandler - (BufferHandler.java:141) - default allocation mode: ByteBuffer::allocateDirect
2026-01-06 13:26:48,074 [main] INFO  org.burningwave.core.Cache - (Cache.java:76) - Building cache
2026-01-06 13:26:48,106 [main] INFO  o.b.c.a.StaticComponentContainer - (StaticComponentContainer.java:443) - org.burningwave.core.assembler.StaticComponentContainer initialized in 0.1319396 seconds
2026-01-06 14:03:46,470 [Burningwave - Resource releaser] INFO  o.b.c.a.StaticComponentContainer - (StaticComponentContainer.java:391) - ... Waiting for all tasks ending
2026-01-06 14:03:46,471 [Burningwave - Resource releaser] INFO  o.b.c.a.StaticComponentContainer - (StaticComponentContainer.java:397) - Closing all component containers
2026-01-06 14:03:46,472 [Burningwave - Resource releaser] INFO  o.b.c.a.StaticComponentContainer - (StaticComponentContainer.java:403) - Closing FileSystemHelper
2026-01-06 14:03:46,474 [Burningwave - Resource releaser] INFO  o.b.c.a.StaticComponentContainer - (StaticComponentContainer.java:409) - ... Waiting for all tasks ending before shutting down the BackgroundExecutor
2026-01-06 14:03:46,475 [Burningwave - Resource releaser] INFO  o.b.c.a.StaticComponentContainer - (StaticComponentContainer.java:414) - Shutting down BackgroundExecutor
2026-01-06 14:03:46,475 [Burningwave - Resource releaser] INFO  o.b.c.a.StaticComponentContainer - (StaticComponentContainer.java:420) - Stopping all threads monitoring thread
2026-01-06 14:03:46,475 [Burningwave - Resource releaser] INFO  o.b.c.a.StaticComponentContainer - (StaticComponentContainer.java:425) - Closing ThreadHolder
2026-01-06 14:03:46,476 [Burningwave - Resource releaser] INFO  o.b.c.a.StaticComponentContainer - (StaticComponentContainer.java:430) - Shutting down ThreadSupplier
2026-01-08 15:19:32,947 [main] INFO  o.b.c.a.StaticComponentContainer - (StaticComponentContainer.java:368) - Instantiated org.burningwave.core.SLF4JManagedLoggerRepository
2026-01-08 15:19:32,950 [main] INFO  o.b.c.a.StaticComponentContainer - (StaticComponentContainer.java:369) - 

	Configuration values for static components:

		background-executor.all-tasks-monitoring.enabled=\
			true
		background-executor.all-tasks-monitoring.interval=\
			30000
		background-executor.all-tasks-monitoring.logger.enabled=\
			false
		background-executor.all-tasks-monitoring.minimum-elapsed-time-to-consider-a-task-as-probable-dead-locked=\
			300000
		background-executor.all-tasks-monitoring.probable-dead-locked-tasks-handling.policy=\
			log only
		background-executor.queued-task-executor[0].name=\
			Low priority tasks
		background-executor.queued-task-executor[0].priority=\
			1
		background-executor.queued-task-executor[1].name=\
			Normal priority tasks
		background-executor.queued-task-executor[1].priority=\
			5
		background-executor.queued-task-executor[2].name=\
			High priority tasks
		background-executor.queued-task-executor[2].priority=\
			10
		background-executor.task-creation-tracking.enabled=\
			${background-executor.all-tasks-monitoring.enabled}
		banner.additonal-informations=\
			${Bundle-Vendor} ${Bundle-Name} ${Bundle-Version}
		banner.additonal-informations.retrieve-from-manifest-file-of=\
			Burningwave Core
		banner.file=\
			org/burningwave/banner.bwb
		banner.hide=\
			true
		buffer-handler.default-allocation-mode=\
			ByteBuffer::allocateDirect
		buffer-handler.default-buffer-size=\
			1024
		group-name-for-named-elements=\
			Burningwave
		iterable-object-helper.default-values-separator=\
			;
		iterable-object-helper.parallel-iteration.applicability.default-minimum-collection-size=\
			2
		iterable-object-helper.parallel-iteration.applicability.max-runtime-thread-count-threshold=\
			autodetect
		iterable-object-helper.parallel-iteration.applicability.output-collection-enabled-types=\
			java.util.concurrent.ConcurrentHashMap$CollectionView;\
			java.util.Collections$SynchronizedCollection;\
			java.util.concurrent.CopyOnWriteArrayList;\
			java.util.concurrent.CopyOnWriteArraySet;\
			java.util.concurrent.BlockingQueue;\
			java.util.concurrent.ConcurrentSkipListSet;\
			java.util.concurrent.ConcurrentSkipListMap$EntrySet;\
			java.util.concurrent.ConcurrentSkipListMap$KeySet;\
			java.util.concurrent.ConcurrentSkipListMap$Values;
		jvm.driver.init=\
			false
		managed-logger.repository=\
			autodetect
		managed-logger.repository.enabled=\
			true
		managed-logger.repository.logging.warn.disabled-for=\
			org.burningwave.core.assembler.ComponentContainer$ClassLoader;\
			org.burningwave.core.classes.MemoryClassLoader;\
			org.burningwave.core.classes.PathScannerClassLoader;
		modules.export-all-to-all=\
			true
		resource-releaser.enabled=\
			true
		synchronizer.all-threads-monitoring.enabled=\
			false
		synchronizer.all-threads-monitoring.interval=\
			90000
		thread-supplier.default-daemon-flag-value=\
			true
		thread-supplier.default-thread-priority=\
			5
		thread-supplier.max-detached-thread-count=\
			${thread-supplier.max-poolable-thread-count}
		thread-supplier.max-detached-thread-count.elapsed-time-threshold-from-last-increase-for-gradual-decreasing-to-initial-value=\
			30000
		thread-supplier.max-detached-thread-count.increasing-step=\
			autodetect
		thread-supplier.max-poolable-thread-count=\
			autodetect
		thread-supplier.poolable-thread-request-timeout=\
			6000


2026-01-08 15:19:32,951 [main] INFO  o.b.core.jvm.BufferHandler - (BufferHandler.java:127) - default buffer size: 1024 bytes
2026-01-08 15:19:32,953 [main] INFO  o.b.core.jvm.BufferHandler - (BufferHandler.java:141) - default allocation mode: ByteBuffer::allocateDirect
2026-01-08 15:19:32,957 [main] INFO  org.burningwave.core.Cache - (Cache.java:76) - Building cache
2026-01-08 15:19:32,978 [main] INFO  o.b.c.a.StaticComponentContainer - (StaticComponentContainer.java:443) - org.burningwave.core.assembler.StaticComponentContainer initialized in 0.1102129 seconds
2026-01-08 15:19:35,943 [Worker-8: Loading available Gradle versions] INFO  o.e.b.c.i.u.g.PublishedGradleVersions - Gradle version information cache is out-of-date. Trying to update.
2026-01-08 15:54:28,229 [Burningwave - Resource releaser] INFO  o.b.c.a.StaticComponentContainer - (StaticComponentContainer.java:391) - ... Waiting for all tasks ending
2026-01-08 15:54:28,230 [Burningwave - Resource releaser] INFO  o.b.c.a.StaticComponentContainer - (StaticComponentContainer.java:397) - Closing all component containers
2026-01-08 15:54:28,231 [Burningwave - Resource releaser] INFO  o.b.c.a.StaticComponentContainer - (StaticComponentContainer.java:403) - Closing FileSystemHelper
2026-01-08 15:54:28,234 [Burningwave - Resource releaser] INFO  o.b.c.a.StaticComponentContainer - (StaticComponentContainer.java:409) - ... Waiting for all tasks ending before shutting down the BackgroundExecutor
2026-01-08 15:54:28,234 [Burningwave - Resource releaser] INFO  o.b.c.a.StaticComponentContainer - (StaticComponentContainer.java:414) - Shutting down BackgroundExecutor
2026-01-08 15:54:28,235 [Burningwave - Resource releaser] INFO  o.b.c.a.StaticComponentContainer - (StaticComponentContainer.java:420) - Stopping all threads monitoring thread
2026-01-08 15:54:28,236 [Burningwave - Resource releaser] INFO  o.b.c.a.StaticComponentContainer - (StaticComponentContainer.java:425) - Closing ThreadHolder
2026-01-08 15:54:28,236 [Burningwave - Resource releaser] INFO  o.b.c.a.StaticComponentContainer - (StaticComponentContainer.java:430) - Shutting down ThreadSupplier
2026-01-08 15:57:47,966 [main] INFO  o.b.c.a.StaticComponentContainer - (StaticComponentContainer.java:368) - Instantiated org.burningwave.core.SLF4JManagedLoggerRepository
2026-01-08 15:57:47,969 [main] INFO  o.b.c.a.StaticComponentContainer - (StaticComponentContainer.java:369) - 

	Configuration values for static components:

		background-executor.all-tasks-monitoring.enabled=\
			true
		background-executor.all-tasks-monitoring.interval=\
			30000
		background-executor.all-tasks-monitoring.logger.enabled=\
			false
		background-executor.all-tasks-monitoring.minimum-elapsed-time-to-consider-a-task-as-probable-dead-locked=\
			300000
		background-executor.all-tasks-monitoring.probable-dead-locked-tasks-handling.policy=\
			log only
		background-executor.queued-task-executor[0].name=\
			Low priority tasks
		background-executor.queued-task-executor[0].priority=\
			1
		background-executor.queued-task-executor[1].name=\
			Normal priority tasks
		background-executor.queued-task-executor[1].priority=\
			5
		background-executor.queued-task-executor[2].name=\
			High priority tasks
		background-executor.queued-task-executor[2].priority=\
			10
		background-executor.task-creation-tracking.enabled=\
			${background-executor.all-tasks-monitoring.enabled}
		banner.additonal-informations=\
			${Bundle-Vendor} ${Bundle-Name} ${Bundle-Version}
		banner.additonal-informations.retrieve-from-manifest-file-of=\
			Burningwave Core
		banner.file=\
			org/burningwave/banner.bwb
		banner.hide=\
			true
		buffer-handler.default-allocation-mode=\
			ByteBuffer::allocateDirect
		buffer-handler.default-buffer-size=\
			1024
		group-name-for-named-elements=\
			Burningwave
		iterable-object-helper.default-values-separator=\
			;
		iterable-object-helper.parallel-iteration.applicability.default-minimum-collection-size=\
			2
		iterable-object-helper.parallel-iteration.applicability.max-runtime-thread-count-threshold=\
			autodetect
		iterable-object-helper.parallel-iteration.applicability.output-collection-enabled-types=\
			java.util.concurrent.ConcurrentHashMap$CollectionView;\
			java.util.Collections$SynchronizedCollection;\
			java.util.concurrent.CopyOnWriteArrayList;\
			java.util.concurrent.CopyOnWriteArraySet;\
			java.util.concurrent.BlockingQueue;\
			java.util.concurrent.ConcurrentSkipListSet;\
			java.util.concurrent.ConcurrentSkipListMap$EntrySet;\
			java.util.concurrent.ConcurrentSkipListMap$KeySet;\
			java.util.concurrent.ConcurrentSkipListMap$Values;
		jvm.driver.init=\
			false
		managed-logger.repository=\
			autodetect
		managed-logger.repository.enabled=\
			true
		managed-logger.repository.logging.warn.disabled-for=\
			org.burningwave.core.assembler.ComponentContainer$ClassLoader;\
			org.burningwave.core.classes.MemoryClassLoader;\
			org.burningwave.core.classes.PathScannerClassLoader;
		modules.export-all-to-all=\
			true
		resource-releaser.enabled=\
			true
		synchronizer.all-threads-monitoring.enabled=\
			false
		synchronizer.all-threads-monitoring.interval=\
			90000
		thread-supplier.default-daemon-flag-value=\
			true
		thread-supplier.default-thread-priority=\
			5
		thread-supplier.max-detached-thread-count=\
			${thread-supplier.max-poolable-thread-count}
		thread-supplier.max-detached-thread-count.elapsed-time-threshold-from-last-increase-for-gradual-decreasing-to-initial-value=\
			30000
		thread-supplier.max-detached-thread-count.increasing-step=\
			autodetect
		thread-supplier.max-poolable-thread-count=\
			autodetect
		thread-supplier.poolable-thread-request-timeout=\
			6000


2026-01-08 15:57:47,971 [main] INFO  o.b.core.jvm.BufferHandler - (BufferHandler.java:127) - default buffer size: 1024 bytes
2026-01-08 15:57:47,972 [main] INFO  o.b.core.jvm.BufferHandler - (BufferHandler.java:141) - default allocation mode: ByteBuffer::allocateDirect
2026-01-08 15:57:47,975 [main] INFO  org.burningwave.core.Cache - (Cache.java:76) - Building cache
2026-01-08 15:57:47,999 [main] INFO  o.b.c.a.StaticComponentContainer - (StaticComponentContainer.java:443) - org.burningwave.core.assembler.StaticComponentContainer initialized in 0.1075379 seconds
2026-01-08 15:57:50,644 [Worker-1: Loading available Gradle versions] INFO  o.e.b.c.i.u.g.PublishedGradleVersions - Gradle version information cache is up-to-date. Trying to read.
2026-01-08 16:17:44,815 [Burningwave - Resource releaser] INFO  o.b.c.a.StaticComponentContainer - (StaticComponentContainer.java:391) - ... Waiting for all tasks ending
2026-01-08 16:17:44,817 [Burningwave - Resource releaser] INFO  o.b.c.a.StaticComponentContainer - (StaticComponentContainer.java:397) - Closing all component containers
2026-01-08 16:17:44,818 [Burningwave - Resource releaser] INFO  o.b.c.a.StaticComponentContainer - (StaticComponentContainer.java:403) - Closing FileSystemHelper
2026-01-08 16:17:44,819 [Burningwave - Resource releaser] INFO  o.b.c.a.StaticComponentContainer - (StaticComponentContainer.java:409) - ... Waiting for all tasks ending before shutting down the BackgroundExecutor
2026-01-08 16:17:44,819 [Burningwave - Resource releaser] INFO  o.b.c.a.StaticComponentContainer - (StaticComponentContainer.java:414) - Shutting down BackgroundExecutor
2026-01-08 16:17:44,819 [Burningwave - Resource releaser] INFO  o.b.c.a.StaticComponentContainer - (StaticComponentContainer.java:420) - Stopping all threads monitoring thread
2026-01-08 16:17:44,820 [Burningwave - Resource releaser] INFO  o.b.c.a.StaticComponentContainer - (StaticComponentContainer.java:425) - Closing ThreadHolder
2026-01-08 16:17:44,820 [Burningwave - Resource releaser] INFO  o.b.c.a.StaticComponentContainer - (StaticComponentContainer.java:430) - Shutting down ThreadSupplier
2026-01-09 12:06:40,672 [main] INFO  o.b.c.a.StaticComponentContainer - (StaticComponentContainer.java:368) - Instantiated org.burningwave.core.SLF4JManagedLoggerRepository
2026-01-09 12:06:40,675 [main] INFO  o.b.c.a.StaticComponentContainer - (StaticComponentContainer.java:369) - 

	Configuration values for static components:

		background-executor.all-tasks-monitoring.enabled=\
			true
		background-executor.all-tasks-monitoring.interval=\
			30000
		background-executor.all-tasks-monitoring.logger.enabled=\
			false
		background-executor.all-tasks-monitoring.minimum-elapsed-time-to-consider-a-task-as-probable-dead-locked=\
			300000
		background-executor.all-tasks-monitoring.probable-dead-locked-tasks-handling.policy=\
			log only
		background-executor.queued-task-executor[0].name=\
			Low priority tasks
		background-executor.queued-task-executor[0].priority=\
			1
		background-executor.queued-task-executor[1].name=\
			Normal priority tasks
		background-executor.queued-task-executor[1].priority=\
			5
		background-executor.queued-task-executor[2].name=\
			High priority tasks
		background-executor.queued-task-executor[2].priority=\
			10
		background-executor.task-creation-tracking.enabled=\
			${background-executor.all-tasks-monitoring.enabled}
		banner.additonal-informations=\
			${Bundle-Vendor} ${Bundle-Name} ${Bundle-Version}
		banner.additonal-informations.retrieve-from-manifest-file-of=\
			Burningwave Core
		banner.file=\
			org/burningwave/banner.bwb
		banner.hide=\
			true
		buffer-handler.default-allocation-mode=\
			ByteBuffer::allocateDirect
		buffer-handler.default-buffer-size=\
			1024
		group-name-for-named-elements=\
			Burningwave
		iterable-object-helper.default-values-separator=\
			;
		iterable-object-helper.parallel-iteration.applicability.default-minimum-collection-size=\
			2
		iterable-object-helper.parallel-iteration.applicability.max-runtime-thread-count-threshold=\
			autodetect
		iterable-object-helper.parallel-iteration.applicability.output-collection-enabled-types=\
			java.util.concurrent.ConcurrentHashMap$CollectionView;\
			java.util.Collections$SynchronizedCollection;\
			java.util.concurrent.CopyOnWriteArrayList;\
			java.util.concurrent.CopyOnWriteArraySet;\
			java.util.concurrent.BlockingQueue;\
			java.util.concurrent.ConcurrentSkipListSet;\
			java.util.concurrent.ConcurrentSkipListMap$EntrySet;\
			java.util.concurrent.ConcurrentSkipListMap$KeySet;\
			java.util.concurrent.ConcurrentSkipListMap$Values;
		jvm.driver.init=\
			false
		managed-logger.repository=\
			autodetect
		managed-logger.repository.enabled=\
			true
		managed-logger.repository.logging.warn.disabled-for=\
			org.burningwave.core.assembler.ComponentContainer$ClassLoader;\
			org.burningwave.core.classes.MemoryClassLoader;\
			org.burningwave.core.classes.PathScannerClassLoader;
		modules.export-all-to-all=\
			true
		resource-releaser.enabled=\
			true
		synchronizer.all-threads-monitoring.enabled=\
			false
		synchronizer.all-threads-monitoring.interval=\
			90000
		thread-supplier.default-daemon-flag-value=\
			true
		thread-supplier.default-thread-priority=\
			5
		thread-supplier.max-detached-thread-count=\
			${thread-supplier.max-poolable-thread-count}
		thread-supplier.max-detached-thread-count.elapsed-time-threshold-from-last-increase-for-gradual-decreasing-to-initial-value=\
			30000
		thread-supplier.max-detached-thread-count.increasing-step=\
			autodetect
		thread-supplier.max-poolable-thread-count=\
			autodetect
		thread-supplier.poolable-thread-request-timeout=\
			6000


2026-01-09 12:06:40,681 [main] INFO  o.b.core.jvm.BufferHandler - (BufferHandler.java:127) - default buffer size: 1024 bytes
2026-01-09 12:06:40,682 [main] INFO  o.b.core.jvm.BufferHandler - (BufferHandler.java:141) - default allocation mode: ByteBuffer::allocateDirect
2026-01-09 12:06:40,685 [main] INFO  org.burningwave.core.Cache - (Cache.java:76) - Building cache
2026-01-09 12:06:40,706 [main] INFO  o.b.c.a.StaticComponentContainer - (StaticComponentContainer.java:443) - org.burningwave.core.assembler.StaticComponentContainer initialized in 0.118197 seconds
2026-01-09 12:06:43,731 [Worker-1: Loading available Gradle versions] INFO  o.e.b.c.i.u.g.PublishedGradleVersions - Gradle version information cache is up-to-date. Trying to read.
2026-01-09 12:34:25,115 [Burningwave - Resource releaser] INFO  o.b.c.a.StaticComponentContainer - (StaticComponentContainer.java:391) - ... Waiting for all tasks ending
2026-01-09 12:34:25,116 [Burningwave - Resource releaser] INFO  o.b.c.a.StaticComponentContainer - (StaticComponentContainer.java:397) - Closing all component containers
2026-01-09 12:34:25,117 [Burningwave - Resource releaser] INFO  o.b.c.a.StaticComponentContainer - (StaticComponentContainer.java:403) - Closing FileSystemHelper
2026-01-09 12:34:25,118 [Burningwave - Resource releaser] INFO  o.b.c.a.StaticComponentContainer - (StaticComponentContainer.java:409) - ... Waiting for all tasks ending before shutting down the BackgroundExecutor
2026-01-09 12:34:25,119 [Burningwave - Resource releaser] INFO  o.b.c.a.StaticComponentContainer - (StaticComponentContainer.java:414) - Shutting down BackgroundExecutor
2026-01-09 12:34:25,119 [Burningwave - Resource releaser] INFO  o.b.c.a.StaticComponentContainer - (StaticComponentContainer.java:420) - Stopping all threads monitoring thread
2026-01-09 12:34:25,119 [Burningwave - Resource releaser] INFO  o.b.c.a.StaticComponentContainer - (StaticComponentContainer.java:425) - Closing ThreadHolder
2026-01-09 12:34:25,120 [Burningwave - Resource releaser] INFO  o.b.c.a.StaticComponentContainer - (StaticComponentContainer.java:430) - Shutting down ThreadSupplier
2026-01-09 23:45:58,210 [main] INFO  o.b.c.a.StaticComponentContainer - (StaticComponentContainer.java:368) - Instantiated org.burningwave.core.SLF4JManagedLoggerRepository
2026-01-09 23:45:58,214 [main] INFO  o.b.c.a.StaticComponentContainer - (StaticComponentContainer.java:369) - 

	Configuration values for static components:

		background-executor.all-tasks-monitoring.enabled=\
			true
		background-executor.all-tasks-monitoring.interval=\
			30000
		background-executor.all-tasks-monitoring.logger.enabled=\
			false
		background-executor.all-tasks-monitoring.minimum-elapsed-time-to-consider-a-task-as-probable-dead-locked=\
			300000
		background-executor.all-tasks-monitoring.probable-dead-locked-tasks-handling.policy=\
			log only
		background-executor.queued-task-executor[0].name=\
			Low priority tasks
		background-executor.queued-task-executor[0].priority=\
			1
		background-executor.queued-task-executor[1].name=\
			Normal priority tasks
		background-executor.queued-task-executor[1].priority=\
			5
		background-executor.queued-task-executor[2].name=\
			High priority tasks
		background-executor.queued-task-executor[2].priority=\
			10
		background-executor.task-creation-tracking.enabled=\
			${background-executor.all-tasks-monitoring.enabled}
		banner.additonal-informations=\
			${Bundle-Vendor} ${Bundle-Name} ${Bundle-Version}
		banner.additonal-informations.retrieve-from-manifest-file-of=\
			Burningwave Core
		banner.file=\
			org/burningwave/banner.bwb
		banner.hide=\
			true
		buffer-handler.default-allocation-mode=\
			ByteBuffer::allocateDirect
		buffer-handler.default-buffer-size=\
			1024
		group-name-for-named-elements=\
			Burningwave
		iterable-object-helper.default-values-separator=\
			;
		iterable-object-helper.parallel-iteration.applicability.default-minimum-collection-size=\
			2
		iterable-object-helper.parallel-iteration.applicability.max-runtime-thread-count-threshold=\
			autodetect
		iterable-object-helper.parallel-iteration.applicability.output-collection-enabled-types=\
			java.util.concurrent.ConcurrentHashMap$CollectionView;\
			java.util.Collections$SynchronizedCollection;\
			java.util.concurrent.CopyOnWriteArrayList;\
			java.util.concurrent.CopyOnWriteArraySet;\
			java.util.concurrent.BlockingQueue;\
			java.util.concurrent.ConcurrentSkipListSet;\
			java.util.concurrent.ConcurrentSkipListMap$EntrySet;\
			java.util.concurrent.ConcurrentSkipListMap$KeySet;\
			java.util.concurrent.ConcurrentSkipListMap$Values;
		jvm.driver.init=\
			false
		managed-logger.repository=\
			autodetect
		managed-logger.repository.enabled=\
			true
		managed-logger.repository.logging.warn.disabled-for=\
			org.burningwave.core.assembler.ComponentContainer$ClassLoader;\
			org.burningwave.core.classes.MemoryClassLoader;\
			org.burningwave.core.classes.PathScannerClassLoader;
		modules.export-all-to-all=\
			true
		resource-releaser.enabled=\
			true
		synchronizer.all-threads-monitoring.enabled=\
			false
		synchronizer.all-threads-monitoring.interval=\
			90000
		thread-supplier.default-daemon-flag-value=\
			true
		thread-supplier.default-thread-priority=\
			5
		thread-supplier.max-detached-thread-count=\
			${thread-supplier.max-poolable-thread-count}
		thread-supplier.max-detached-thread-count.elapsed-time-threshold-from-last-increase-for-gradual-decreasing-to-initial-value=\
			30000
		thread-supplier.max-detached-thread-count.increasing-step=\
			autodetect
		thread-supplier.max-poolable-thread-count=\
			autodetect
		thread-supplier.poolable-thread-request-timeout=\
			6000


2026-01-09 23:45:58,220 [main] INFO  o.b.core.jvm.BufferHandler - (BufferHandler.java:127) - default buffer size: 1024 bytes
2026-01-09 23:45:58,223 [main] INFO  o.b.core.jvm.BufferHandler - (BufferHandler.java:141) - default allocation mode: ByteBuffer::allocateDirect
2026-01-09 23:45:58,235 [main] INFO  org.burningwave.core.Cache - (Cache.java:76) - Building cache
2026-01-09 23:45:58,286 [main] INFO  o.b.c.a.StaticComponentContainer - (StaticComponentContainer.java:443) - org.burningwave.core.assembler.StaticComponentContainer initialized in 0.2200449 seconds
2026-01-09 23:46:02,979 [Worker-8: Loading available Gradle versions] INFO  o.e.b.c.i.u.g.PublishedGradleVersions - Gradle version information cache is out-of-date. Trying to update.
2026-01-10 00:37:32,385 [Burningwave - Resource releaser] INFO  o.b.c.a.StaticComponentContainer - (StaticComponentContainer.java:391) - ... Waiting for all tasks ending
2026-01-10 00:37:32,386 [Burningwave - Resource releaser] INFO  o.b.c.a.StaticComponentContainer - (StaticComponentContainer.java:397) - Closing all component containers
2026-01-10 00:37:32,388 [Burningwave - Resource releaser] INFO  o.b.c.a.StaticComponentContainer - (StaticComponentContainer.java:403) - Closing FileSystemHelper
2026-01-10 00:37:32,390 [Burningwave - Resource releaser] INFO  o.b.c.a.StaticComponentContainer - (StaticComponentContainer.java:409) - ... Waiting for all tasks ending before shutting down the BackgroundExecutor
2026-01-10 00:37:32,391 [Burningwave - Resource releaser] INFO  o.b.c.a.StaticComponentContainer - (StaticComponentContainer.java:414) - Shutting down BackgroundExecutor
2026-01-10 00:37:32,391 [Burningwave - Resource releaser] INFO  o.b.c.a.StaticComponentContainer - (StaticComponentContainer.java:420) - Stopping all threads monitoring thread
2026-01-10 00:37:32,392 [Burningwave - Resource releaser] INFO  o.b.c.a.StaticComponentContainer - (StaticComponentContainer.java:425) - Closing ThreadHolder
2026-01-10 00:37:32,392 [Burningwave - Resource releaser] INFO  o.b.c.a.StaticComponentContainer - (StaticComponentContainer.java:430) - Shutting down ThreadSupplier
2026-01-10 00:44:30,099 [main] INFO  o.b.c.a.StaticComponentContainer - (StaticComponentContainer.java:368) - Instantiated org.burningwave.core.SLF4JManagedLoggerRepository
2026-01-10 00:44:30,103 [main] INFO  o.b.c.a.StaticComponentContainer - (StaticComponentContainer.java:369) - 

	Configuration values for static components:

		background-executor.all-tasks-monitoring.enabled=\
			true
		background-executor.all-tasks-monitoring.interval=\
			30000
		background-executor.all-tasks-monitoring.logger.enabled=\
			false
		background-executor.all-tasks-monitoring.minimum-elapsed-time-to-consider-a-task-as-probable-dead-locked=\
			300000
		background-executor.all-tasks-monitoring.probable-dead-locked-tasks-handling.policy=\
			log only
		background-executor.queued-task-executor[0].name=\
			Low priority tasks
		background-executor.queued-task-executor[0].priority=\
			1
		background-executor.queued-task-executor[1].name=\
			Normal priority tasks
		background-executor.queued-task-executor[1].priority=\
			5
		background-executor.queued-task-executor[2].name=\
			High priority tasks
		background-executor.queued-task-executor[2].priority=\
			10
		background-executor.task-creation-tracking.enabled=\
			${background-executor.all-tasks-monitoring.enabled}
		banner.additonal-informations=\
			${Bundle-Vendor} ${Bundle-Name} ${Bundle-Version}
		banner.additonal-informations.retrieve-from-manifest-file-of=\
			Burningwave Core
		banner.file=\
			org/burningwave/banner.bwb
		banner.hide=\
			true
		buffer-handler.default-allocation-mode=\
			ByteBuffer::allocateDirect
		buffer-handler.default-buffer-size=\
			1024
		group-name-for-named-elements=\
			Burningwave
		iterable-object-helper.default-values-separator=\
			;
		iterable-object-helper.parallel-iteration.applicability.default-minimum-collection-size=\
			2
		iterable-object-helper.parallel-iteration.applicability.max-runtime-thread-count-threshold=\
			autodetect
		iterable-object-helper.parallel-iteration.applicability.output-collection-enabled-types=\
			java.util.concurrent.ConcurrentHashMap$CollectionView;\
			java.util.Collections$SynchronizedCollection;\
			java.util.concurrent.CopyOnWriteArrayList;\
			java.util.concurrent.CopyOnWriteArraySet;\
			java.util.concurrent.BlockingQueue;\
			java.util.concurrent.ConcurrentSkipListSet;\
			java.util.concurrent.ConcurrentSkipListMap$EntrySet;\
			java.util.concurrent.ConcurrentSkipListMap$KeySet;\
			java.util.concurrent.ConcurrentSkipListMap$Values;
		jvm.driver.init=\
			false
		managed-logger.repository=\
			autodetect
		managed-logger.repository.enabled=\
			true
		managed-logger.repository.logging.warn.disabled-for=\
			org.burningwave.core.assembler.ComponentContainer$ClassLoader;\
			org.burningwave.core.classes.MemoryClassLoader;\
			org.burningwave.core.classes.PathScannerClassLoader;
		modules.export-all-to-all=\
			true
		resource-releaser.enabled=\
			true
		synchronizer.all-threads-monitoring.enabled=\
			false
		synchronizer.all-threads-monitoring.interval=\
			90000
		thread-supplier.default-daemon-flag-value=\
			true
		thread-supplier.default-thread-priority=\
			5
		thread-supplier.max-detached-thread-count=\
			${thread-supplier.max-poolable-thread-count}
		thread-supplier.max-detached-thread-count.elapsed-time-threshold-from-last-increase-for-gradual-decreasing-to-initial-value=\
			30000
		thread-supplier.max-detached-thread-count.increasing-step=\
			autodetect
		thread-supplier.max-poolable-thread-count=\
			autodetect
		thread-supplier.poolable-thread-request-timeout=\
			6000


2026-01-10 00:44:30,109 [main] INFO  o.b.core.jvm.BufferHandler - (BufferHandler.java:127) - default buffer size: 1024 bytes
2026-01-10 00:44:30,110 [main] INFO  o.b.core.jvm.BufferHandler - (BufferHandler.java:141) - default allocation mode: ByteBuffer::allocateDirect
2026-01-10 00:44:30,115 [main] INFO  org.burningwave.core.Cache - (Cache.java:76) - Building cache
2026-01-10 00:44:30,155 [main] INFO  o.b.c.a.StaticComponentContainer - (StaticComponentContainer.java:443) - org.burningwave.core.assembler.StaticComponentContainer initialized in 0.187035 seconds
2026-01-10 00:44:34,760 [Worker-3: Loading available Gradle versions] INFO  o.e.b.c.i.u.g.PublishedGradleVersions - Gradle version information cache is up-to-date. Trying to read.
2026-01-10 00:56:33,175 [Burningwave - Resource releaser] INFO  o.b.c.a.StaticComponentContainer - (StaticComponentContainer.java:391) - ... Waiting for all tasks ending
2026-01-10 00:56:33,178 [Burningwave - Resource releaser] INFO  o.b.c.a.StaticComponentContainer - (StaticComponentContainer.java:397) - Closing all component containers
2026-01-10 00:56:33,181 [Burningwave - Resource releaser] INFO  o.b.c.a.StaticComponentContainer - (StaticComponentContainer.java:403) - Closing FileSystemHelper
2026-01-10 00:56:33,182 [Burningwave - Resource releaser] INFO  o.b.c.a.StaticComponentContainer - (StaticComponentContainer.java:409) - ... Waiting for all tasks ending before shutting down the BackgroundExecutor
2026-01-10 00:56:33,182 [Burningwave - Resource releaser] INFO  o.b.c.a.StaticComponentContainer - (StaticComponentContainer.java:414) - Shutting down BackgroundExecutor
2026-01-10 00:56:33,182 [Burningwave - Resource releaser] INFO  o.b.c.a.StaticComponentContainer - (StaticComponentContainer.java:420) - Stopping all threads monitoring thread
2026-01-10 00:56:33,183 [Burningwave - Resource releaser] INFO  o.b.c.a.StaticComponentContainer - (StaticComponentContainer.java:425) - Closing ThreadHolder
2026-01-10 00:56:33,183 [Burningwave - Resource releaser] INFO  o.b.c.a.StaticComponentContainer - (StaticComponentContainer.java:430) - Shutting down ThreadSupplier
2026-01-10 12:07:23,581 [main] INFO  o.b.c.a.StaticComponentContainer - (StaticComponentContainer.java:368) - Instantiated org.burningwave.core.SLF4JManagedLoggerRepository
2026-01-10 12:07:23,584 [main] INFO  o.b.c.a.StaticComponentContainer - (StaticComponentContainer.java:369) - 

	Configuration values for static components:

		background-executor.all-tasks-monitoring.enabled=\
			true
		background-executor.all-tasks-monitoring.interval=\
			30000
		background-executor.all-tasks-monitoring.logger.enabled=\
			false
		background-executor.all-tasks-monitoring.minimum-elapsed-time-to-consider-a-task-as-probable-dead-locked=\
			300000
		background-executor.all-tasks-monitoring.probable-dead-locked-tasks-handling.policy=\
			log only
		background-executor.queued-task-executor[0].name=\
			Low priority tasks
		background-executor.queued-task-executor[0].priority=\
			1
		background-executor.queued-task-executor[1].name=\
			Normal priority tasks
		background-executor.queued-task-executor[1].priority=\
			5
		background-executor.queued-task-executor[2].name=\
			High priority tasks
		background-executor.queued-task-executor[2].priority=\
			10
		background-executor.task-creation-tracking.enabled=\
			${background-executor.all-tasks-monitoring.enabled}
		banner.additonal-informations=\
			${Bundle-Vendor} ${Bundle-Name} ${Bundle-Version}
		banner.additonal-informations.retrieve-from-manifest-file-of=\
			Burningwave Core
		banner.file=\
			org/burningwave/banner.bwb
		banner.hide=\
			true
		buffer-handler.default-allocation-mode=\
			ByteBuffer::allocateDirect
		buffer-handler.default-buffer-size=\
			1024
		group-name-for-named-elements=\
			Burningwave
		iterable-object-helper.default-values-separator=\
			;
		iterable-object-helper.parallel-iteration.applicability.default-minimum-collection-size=\
			2
		iterable-object-helper.parallel-iteration.applicability.max-runtime-thread-count-threshold=\
			autodetect
		iterable-object-helper.parallel-iteration.applicability.output-collection-enabled-types=\
			java.util.concurrent.ConcurrentHashMap$CollectionView;\
			java.util.Collections$SynchronizedCollection;\
			java.util.concurrent.CopyOnWriteArrayList;\
			java.util.concurrent.CopyOnWriteArraySet;\
			java.util.concurrent.BlockingQueue;\
			java.util.concurrent.ConcurrentSkipListSet;\
			java.util.concurrent.ConcurrentSkipListMap$EntrySet;\
			java.util.concurrent.ConcurrentSkipListMap$KeySet;\
			java.util.concurrent.ConcurrentSkipListMap$Values;
		jvm.driver.init=\
			false
		managed-logger.repository=\
			autodetect
		managed-logger.repository.enabled=\
			true
		managed-logger.repository.logging.warn.disabled-for=\
			org.burningwave.core.assembler.ComponentContainer$ClassLoader;\
			org.burningwave.core.classes.MemoryClassLoader;\
			org.burningwave.core.classes.PathScannerClassLoader;
		modules.export-all-to-all=\
			true
		resource-releaser.enabled=\
			true
		synchronizer.all-threads-monitoring.enabled=\
			false
		synchronizer.all-threads-monitoring.interval=\
			90000
		thread-supplier.default-daemon-flag-value=\
			true
		thread-supplier.default-thread-priority=\
			5
		thread-supplier.max-detached-thread-count=\
			${thread-supplier.max-poolable-thread-count}
		thread-supplier.max-detached-thread-count.elapsed-time-threshold-from-last-increase-for-gradual-decreasing-to-initial-value=\
			30000
		thread-supplier.max-detached-thread-count.increasing-step=\
			autodetect
		thread-supplier.max-poolable-thread-count=\
			autodetect
		thread-supplier.poolable-thread-request-timeout=\
			6000


2026-01-10 12:07:23,587 [main] INFO  o.b.core.jvm.BufferHandler - (BufferHandler.java:127) - default buffer size: 1024 bytes
2026-01-10 12:07:23,589 [main] INFO  o.b.core.jvm.BufferHandler - (BufferHandler.java:141) - default allocation mode: ByteBuffer::allocateDirect
2026-01-10 12:07:23,592 [main] INFO  org.burningwave.core.Cache - (Cache.java:76) - Building cache
2026-01-10 12:07:23,620 [main] INFO  o.b.c.a.StaticComponentContainer - (StaticComponentContainer.java:443) - org.burningwave.core.assembler.StaticComponentContainer initialized in 0.1421454 seconds
2026-01-10 12:07:27,638 [Worker-1: Loading available Gradle versions] INFO  o.e.b.c.i.u.g.PublishedGradleVersions - Gradle version information cache is up-to-date. Trying to read.
2026-01-10 12:38:57,076 [Burningwave - Resource releaser] INFO  o.b.c.a.StaticComponentContainer - (StaticComponentContainer.java:391) - ... Waiting for all tasks ending
2026-01-10 12:38:57,078 [Burningwave - Resource releaser] INFO  o.b.c.a.StaticComponentContainer - (StaticComponentContainer.java:397) - Closing all component containers
2026-01-10 12:38:57,080 [Burningwave - Resource releaser] INFO  o.b.c.a.StaticComponentContainer - (StaticComponentContainer.java:403) - Closing FileSystemHelper
2026-01-10 12:38:57,080 [Burningwave - Resource releaser] INFO  o.b.c.a.StaticComponentContainer - (StaticComponentContainer.java:409) - ... Waiting for all tasks ending before shutting down the BackgroundExecutor
2026-01-10 12:38:57,080 [Burningwave - Resource releaser] INFO  o.b.c.a.StaticComponentContainer - (StaticComponentContainer.java:414) - Shutting down BackgroundExecutor
2026-01-10 12:38:57,081 [Burningwave - Resource releaser] INFO  o.b.c.a.StaticComponentContainer - (StaticComponentContainer.java:420) - Stopping all threads monitoring thread
2026-01-10 12:38:57,081 [Burningwave - Resource releaser] INFO  o.b.c.a.StaticComponentContainer - (StaticComponentContainer.java:425) - Closing ThreadHolder
2026-01-10 12:38:57,081 [Burningwave - Resource releaser] INFO  o.b.c.a.StaticComponentContainer - (StaticComponentContainer.java:430) - Shutting down ThreadSupplier
2026-01-11 22:03:37,461 [main] INFO  o.b.c.a.StaticComponentContainer - (StaticComponentContainer.java:368) - Instantiated org.burningwave.core.SLF4JManagedLoggerRepository
2026-01-11 22:03:37,465 [main] INFO  o.b.c.a.StaticComponentContainer - (StaticComponentContainer.java:369) - 

	Configuration values for static components:

		background-executor.all-tasks-monitoring.enabled=\
			true
		background-executor.all-tasks-monitoring.interval=\
			30000
		background-executor.all-tasks-monitoring.logger.enabled=\
			false
		background-executor.all-tasks-monitoring.minimum-elapsed-time-to-consider-a-task-as-probable-dead-locked=\
			300000
		background-executor.all-tasks-monitoring.probable-dead-locked-tasks-handling.policy=\
			log only
		background-executor.queued-task-executor[0].name=\
			Low priority tasks
		background-executor.queued-task-executor[0].priority=\
			1
		background-executor.queued-task-executor[1].name=\
			Normal priority tasks
		background-executor.queued-task-executor[1].priority=\
			5
		background-executor.queued-task-executor[2].name=\
			High priority tasks
		background-executor.queued-task-executor[2].priority=\
			10
		background-executor.task-creation-tracking.enabled=\
			${background-executor.all-tasks-monitoring.enabled}
		banner.additonal-informations=\
			${Bundle-Vendor} ${Bundle-Name} ${Bundle-Version}
		banner.additonal-informations.retrieve-from-manifest-file-of=\
			Burningwave Core
		banner.file=\
			org/burningwave/banner.bwb
		banner.hide=\
			true
		buffer-handler.default-allocation-mode=\
			ByteBuffer::allocateDirect
		buffer-handler.default-buffer-size=\
			1024
		group-name-for-named-elements=\
			Burningwave
		iterable-object-helper.default-values-separator=\
			;
		iterable-object-helper.parallel-iteration.applicability.default-minimum-collection-size=\
			2
		iterable-object-helper.parallel-iteration.applicability.max-runtime-thread-count-threshold=\
			autodetect
		iterable-object-helper.parallel-iteration.applicability.output-collection-enabled-types=\
			java.util.concurrent.ConcurrentHashMap$CollectionView;\
			java.util.Collections$SynchronizedCollection;\
			java.util.concurrent.CopyOnWriteArrayList;\
			java.util.concurrent.CopyOnWriteArraySet;\
			java.util.concurrent.BlockingQueue;\
			java.util.concurrent.ConcurrentSkipListSet;\
			java.util.concurrent.ConcurrentSkipListMap$EntrySet;\
			java.util.concurrent.ConcurrentSkipListMap$KeySet;\
			java.util.concurrent.ConcurrentSkipListMap$Values;
		jvm.driver.init=\
			false
		managed-logger.repository=\
			autodetect
		managed-logger.repository.enabled=\
			true
		managed-logger.repository.logging.warn.disabled-for=\
			org.burningwave.core.assembler.ComponentContainer$ClassLoader;\
			org.burningwave.core.classes.MemoryClassLoader;\
			org.burningwave.core.classes.PathScannerClassLoader;
		modules.export-all-to-all=\
			true
		resource-releaser.enabled=\
			true
		synchronizer.all-threads-monitoring.enabled=\
			false
		synchronizer.all-threads-monitoring.interval=\
			90000
		thread-supplier.default-daemon-flag-value=\
			true
		thread-supplier.default-thread-priority=\
			5
		thread-supplier.max-detached-thread-count=\
			${thread-supplier.max-poolable-thread-count}
		thread-supplier.max-detached-thread-count.elapsed-time-threshold-from-last-increase-for-gradual-decreasing-to-initial-value=\
			30000
		thread-supplier.max-detached-thread-count.increasing-step=\
			autodetect
		thread-supplier.max-poolable-thread-count=\
			autodetect
		thread-supplier.poolable-thread-request-timeout=\
			6000


2026-01-11 22:03:37,471 [main] INFO  o.b.core.jvm.BufferHandler - (BufferHandler.java:127) - default buffer size: 1024 bytes
2026-01-11 22:03:37,473 [main] INFO  o.b.core.jvm.BufferHandler - (BufferHandler.java:141) - default allocation mode: ByteBuffer::allocateDirect
2026-01-11 22:03:37,477 [main] INFO  org.burningwave.core.Cache - (Cache.java:76) - Building cache
2026-01-11 22:03:37,507 [main] INFO  o.b.c.a.StaticComponentContainer - (StaticComponentContainer.java:443) - org.burningwave.core.assembler.StaticComponentContainer initialized in 0.1488039 seconds
2026-01-11 22:03:41,521 [Worker-7: Loading available Gradle versions] INFO  o.e.b.c.i.u.g.PublishedGradleVersions - Gradle version information cache is out-of-date. Trying to update.
2026-01-12 00:04:59,552 [Burningwave - Resource releaser] INFO  o.b.c.a.StaticComponentContainer - (StaticComponentContainer.java:391) - ... Waiting for all tasks ending
2026-01-12 00:04:59,553 [Burningwave - Resource releaser] INFO  o.b.c.a.StaticComponentContainer - (StaticComponentContainer.java:397) - Closing all component containers
2026-01-12 00:04:59,554 [Burningwave - Resource releaser] INFO  o.b.c.a.StaticComponentContainer - (StaticComponentContainer.java:403) - Closing FileSystemHelper
2026-01-12 00:04:59,555 [Burningwave - Resource releaser] INFO  o.b.c.a.StaticComponentContainer - (StaticComponentContainer.java:409) - ... Waiting for all tasks ending before shutting down the BackgroundExecutor
2026-01-12 00:04:59,556 [Burningwave - Resource releaser] INFO  o.b.c.a.StaticComponentContainer - (StaticComponentContainer.java:414) - Shutting down BackgroundExecutor
2026-01-12 00:04:59,556 [Burningwave - Resource releaser] INFO  o.b.c.a.StaticComponentContainer - (StaticComponentContainer.java:420) - Stopping all threads monitoring thread
2026-01-12 00:04:59,556 [Burningwave - Resource releaser] INFO  o.b.c.a.StaticComponentContainer - (StaticComponentContainer.java:425) - Closing ThreadHolder
2026-01-12 00:04:59,557 [Burningwave - Resource releaser] INFO  o.b.c.a.StaticComponentContainer - (StaticComponentContainer.java:430) - Shutting down ThreadSupplier
2026-01-12 00:18:22,931 [main] INFO  o.b.c.a.StaticComponentContainer - (StaticComponentContainer.java:368) - Instantiated org.burningwave.core.SLF4JManagedLoggerRepository
2026-01-12 00:18:22,935 [main] INFO  o.b.c.a.StaticComponentContainer - (StaticComponentContainer.java:369) - 

	Configuration values for static components:

		background-executor.all-tasks-monitoring.enabled=\
			true
		background-executor.all-tasks-monitoring.interval=\
			30000
		background-executor.all-tasks-monitoring.logger.enabled=\
			false
		background-executor.all-tasks-monitoring.minimum-elapsed-time-to-consider-a-task-as-probable-dead-locked=\
			300000
		background-executor.all-tasks-monitoring.probable-dead-locked-tasks-handling.policy=\
			log only
		background-executor.queued-task-executor[0].name=\
			Low priority tasks
		background-executor.queued-task-executor[0].priority=\
			1
		background-executor.queued-task-executor[1].name=\
			Normal priority tasks
		background-executor.queued-task-executor[1].priority=\
			5
		background-executor.queued-task-executor[2].name=\
			High priority tasks
		background-executor.queued-task-executor[2].priority=\
			10
		background-executor.task-creation-tracking.enabled=\
			${background-executor.all-tasks-monitoring.enabled}
		banner.additonal-informations=\
			${Bundle-Vendor} ${Bundle-Name} ${Bundle-Version}
		banner.additonal-informations.retrieve-from-manifest-file-of=\
			Burningwave Core
		banner.file=\
			org/burningwave/banner.bwb
		banner.hide=\
			true
		buffer-handler.default-allocation-mode=\
			ByteBuffer::allocateDirect
		buffer-handler.default-buffer-size=\
			1024
		group-name-for-named-elements=\
			Burningwave
		iterable-object-helper.default-values-separator=\
			;
		iterable-object-helper.parallel-iteration.applicability.default-minimum-collection-size=\
			2
		iterable-object-helper.parallel-iteration.applicability.max-runtime-thread-count-threshold=\
			autodetect
		iterable-object-helper.parallel-iteration.applicability.output-collection-enabled-types=\
			java.util.concurrent.ConcurrentHashMap$CollectionView;\
			java.util.Collections$SynchronizedCollection;\
			java.util.concurrent.CopyOnWriteArrayList;\
			java.util.concurrent.CopyOnWriteArraySet;\
			java.util.concurrent.BlockingQueue;\
			java.util.concurrent.ConcurrentSkipListSet;\
			java.util.concurrent.ConcurrentSkipListMap$EntrySet;\
			java.util.concurrent.ConcurrentSkipListMap$KeySet;\
			java.util.concurrent.ConcurrentSkipListMap$Values;
		jvm.driver.init=\
			false
		managed-logger.repository=\
			autodetect
		managed-logger.repository.enabled=\
			true
		managed-logger.repository.logging.warn.disabled-for=\
			org.burningwave.core.assembler.ComponentContainer$ClassLoader;\
			org.burningwave.core.classes.MemoryClassLoader;\
			org.burningwave.core.classes.PathScannerClassLoader;
		modules.export-all-to-all=\
			true
		resource-releaser.enabled=\
			true
		synchronizer.all-threads-monitoring.enabled=\
			false
		synchronizer.all-threads-monitoring.interval=\
			90000
		thread-supplier.default-daemon-flag-value=\
			true
		thread-supplier.default-thread-priority=\
			5
		thread-supplier.max-detached-thread-count=\
			${thread-supplier.max-poolable-thread-count}
		thread-supplier.max-detached-thread-count.elapsed-time-threshold-from-last-increase-for-gradual-decreasing-to-initial-value=\
			30000
		thread-supplier.max-detached-thread-count.increasing-step=\
			autodetect
		thread-supplier.max-poolable-thread-count=\
			autodetect
		thread-supplier.poolable-thread-request-timeout=\
			6000


2026-01-12 00:18:22,938 [main] INFO  o.b.core.jvm.BufferHandler - (BufferHandler.java:127) - default buffer size: 1024 bytes
2026-01-12 00:18:22,940 [main] INFO  o.b.core.jvm.BufferHandler - (BufferHandler.java:141) - default allocation mode: ByteBuffer::allocateDirect
2026-01-12 00:18:22,946 [main] INFO  org.burningwave.core.Cache - (Cache.java:76) - Building cache
2026-01-12 00:18:22,981 [main] INFO  o.b.c.a.StaticComponentContainer - (StaticComponentContainer.java:443) - org.burningwave.core.assembler.StaticComponentContainer initialized in 0.1318778 seconds
2026-01-12 00:18:26,036 [Worker-0: Loading available Gradle versions] INFO  o.e.b.c.i.u.g.PublishedGradleVersions - Gradle version information cache is up-to-date. Trying to read.
2026-01-12 00:18:43,789 [Burningwave - Resource releaser] INFO  o.b.c.a.StaticComponentContainer - (StaticComponentContainer.java:391) - ... Waiting for all tasks ending
2026-01-12 00:18:43,790 [Burningwave - Resource releaser] INFO  o.b.c.a.StaticComponentContainer - (StaticComponentContainer.java:397) - Closing all component containers
2026-01-12 00:18:43,793 [Burningwave - Resource releaser] INFO  o.b.c.a.StaticComponentContainer - (StaticComponentContainer.java:403) - Closing FileSystemHelper
2026-01-12 00:18:43,794 [Burningwave - Resource releaser] INFO  o.b.c.a.StaticComponentContainer - (StaticComponentContainer.java:409) - ... Waiting for all tasks ending before shutting down the BackgroundExecutor
2026-01-12 00:18:43,794 [Burningwave - Resource releaser] INFO  o.b.c.a.StaticComponentContainer - (StaticComponentContainer.java:414) - Shutting down BackgroundExecutor
2026-01-12 00:18:43,796 [Burningwave - Resource releaser] INFO  o.b.c.a.StaticComponentContainer - (StaticComponentContainer.java:420) - Stopping all threads monitoring thread
2026-01-12 00:18:43,796 [Burningwave - Resource releaser] INFO  o.b.c.a.StaticComponentContainer - (StaticComponentContainer.java:425) - Closing ThreadHolder
2026-01-12 00:18:43,797 [Burningwave - Resource releaser] INFO  o.b.c.a.StaticComponentContainer - (StaticComponentContainer.java:430) - Shutting down ThreadSupplier
2026-01-12 22:57:14,657 [main] INFO  o.b.c.a.StaticComponentContainer - (StaticComponentContainer.java:368) - Instantiated org.burningwave.core.SLF4JManagedLoggerRepository
2026-01-12 22:57:14,660 [main] INFO  o.b.c.a.StaticComponentContainer - (StaticComponentContainer.java:369) - 

	Configuration values for static components:

		background-executor.all-tasks-monitoring.enabled=\
			true
		background-executor.all-tasks-monitoring.interval=\
			30000
		background-executor.all-tasks-monitoring.logger.enabled=\
			false
		background-executor.all-tasks-monitoring.minimum-elapsed-time-to-consider-a-task-as-probable-dead-locked=\
			300000
		background-executor.all-tasks-monitoring.probable-dead-locked-tasks-handling.policy=\
			log only
		background-executor.queued-task-executor[0].name=\
			Low priority tasks
		background-executor.queued-task-executor[0].priority=\
			1
		background-executor.queued-task-executor[1].name=\
			Normal priority tasks
		background-executor.queued-task-executor[1].priority=\
			5
		background-executor.queued-task-executor[2].name=\
			High priority tasks
		background-executor.queued-task-executor[2].priority=\
			10
		background-executor.task-creation-tracking.enabled=\
			${background-executor.all-tasks-monitoring.enabled}
		banner.additonal-informations=\
			${Bundle-Vendor} ${Bundle-Name} ${Bundle-Version}
		banner.additonal-informations.retrieve-from-manifest-file-of=\
			Burningwave Core
		banner.file=\
			org/burningwave/banner.bwb
		banner.hide=\
			true
		buffer-handler.default-allocation-mode=\
			ByteBuffer::allocateDirect
		buffer-handler.default-buffer-size=\
			1024
		group-name-for-named-elements=\
			Burningwave
		iterable-object-helper.default-values-separator=\
			;
		iterable-object-helper.parallel-iteration.applicability.default-minimum-collection-size=\
			2
		iterable-object-helper.parallel-iteration.applicability.max-runtime-thread-count-threshold=\
			autodetect
		iterable-object-helper.parallel-iteration.applicability.output-collection-enabled-types=\
			java.util.concurrent.ConcurrentHashMap$CollectionView;\
			java.util.Collections$SynchronizedCollection;\
			java.util.concurrent.CopyOnWriteArrayList;\
			java.util.concurrent.CopyOnWriteArraySet;\
			java.util.concurrent.BlockingQueue;\
			java.util.concurrent.ConcurrentSkipListSet;\
			java.util.concurrent.ConcurrentSkipListMap$EntrySet;\
			java.util.concurrent.ConcurrentSkipListMap$KeySet;\
			java.util.concurrent.ConcurrentSkipListMap$Values;
		jvm.driver.init=\
			false
		managed-logger.repository=\
			autodetect
		managed-logger.repository.enabled=\
			true
		managed-logger.repository.logging.warn.disabled-for=\
			org.burningwave.core.assembler.ComponentContainer$ClassLoader;\
			org.burningwave.core.classes.MemoryClassLoader;\
			org.burningwave.core.classes.PathScannerClassLoader;
		modules.export-all-to-all=\
			true
		resource-releaser.enabled=\
			true
		synchronizer.all-threads-monitoring.enabled=\
			false
		synchronizer.all-threads-monitoring.interval=\
			90000
		thread-supplier.default-daemon-flag-value=\
			true
		thread-supplier.default-thread-priority=\
			5
		thread-supplier.max-detached-thread-count=\
			${thread-supplier.max-poolable-thread-count}
		thread-supplier.max-detached-thread-count.elapsed-time-threshold-from-last-increase-for-gradual-decreasing-to-initial-value=\
			30000
		thread-supplier.max-detached-thread-count.increasing-step=\
			autodetect
		thread-supplier.max-poolable-thread-count=\
			autodetect
		thread-supplier.poolable-thread-request-timeout=\
			6000


2026-01-12 22:57:14,663 [main] INFO  o.b.core.jvm.BufferHandler - (BufferHandler.java:127) - default buffer size: 1024 bytes
2026-01-12 22:57:14,665 [main] INFO  o.b.core.jvm.BufferHandler - (BufferHandler.java:141) - default allocation mode: ByteBuffer::allocateDirect
2026-01-12 22:57:14,668 [main] INFO  org.burningwave.core.Cache - (Cache.java:76) - Building cache
2026-01-12 22:57:14,690 [main] INFO  o.b.c.a.StaticComponentContainer - (StaticComponentContainer.java:443) - org.burningwave.core.assembler.StaticComponentContainer initialized in 0.1507778 seconds
2026-01-12 22:57:18,226 [Worker-1: Loading available Gradle versions] INFO  o.e.b.c.i.u.g.PublishedGradleVersions - Gradle version information cache is out-of-date. Trying to update.
2026-01-12 23:53:35,029 [Burningwave - Resource releaser] INFO  o.b.c.a.StaticComponentContainer - (StaticComponentContainer.java:391) - ... Waiting for all tasks ending
2026-01-12 23:53:35,032 [Burningwave - Resource releaser] INFO  o.b.c.a.StaticComponentContainer - (StaticComponentContainer.java:397) - Closing all component containers
2026-01-12 23:53:35,034 [Burningwave - Resource releaser] INFO  o.b.c.a.StaticComponentContainer - (StaticComponentContainer.java:403) - Closing FileSystemHelper
2026-01-12 23:53:35,035 [Burningwave - Resource releaser] INFO  o.b.c.a.StaticComponentContainer - (StaticComponentContainer.java:409) - ... Waiting for all tasks ending before shutting down the BackgroundExecutor
2026-01-12 23:53:35,035 [Burningwave - Resource releaser] INFO  o.b.c.a.StaticComponentContainer - (StaticComponentContainer.java:414) - Shutting down BackgroundExecutor
2026-01-12 23:53:35,036 [Burningwave - Resource releaser] INFO  o.b.c.a.StaticComponentContainer - (StaticComponentContainer.java:420) - Stopping all threads monitoring thread
2026-01-12 23:53:35,036 [Burningwave - Resource releaser] INFO  o.b.c.a.StaticComponentContainer - (StaticComponentContainer.java:425) - Closing ThreadHolder
2026-01-12 23:53:35,036 [Burningwave - Resource releaser] INFO  o.b.c.a.StaticComponentContainer - (StaticComponentContainer.java:430) - Shutting down ThreadSupplier
